"../../../Engine/Plugins/2D/Paper2D/Content/PlaceholderTextures/DummySpriteTexture.ubulk" 0
"../../../Engine/Plugins/2D/Paper2D/Content/PlaceholderTextures/DummySpriteTexture.uasset" 1
"../../../Engine/Plugins/2D/Paper2D/Content/PlaceholderTextures/DummySpriteTexture.uexp" 2
"../../../Engine/Plugins/2D/Paper2D/Content/DummySprite.uasset" 3
"../../../Engine/Plugins/2D/Paper2D/Content/DummySprite.uexp" 4
"../../../Engine/Plugins/2D/Paper2D/Content/DefaultPaperTerrainMaterial.uasset" 5
"../../../Engine/Plugins/2D/Paper2D/Content/DefaultPaperTerrainMaterial.uexp" 6
"../../../Engine/Plugins/Animation/ACLPlugin/Content/ACLAnimBoneCompressionSettings.uasset" 7
"../../../Engine/Plugins/Animation/ACLPlugin/Content/ACLAnimBoneCompressionSettings.uexp" 8
"../../../Engine/Plugins/Animation/ACLPlugin/Content/ACLAnimCurveCompressionSettings.uasset" 9
"../../../Engine/Plugins/Animation/ACLPlugin/Content/ACLAnimCurveCompressionSettings.uexp" 10
"../../../Engine/Content/Animation/DefaultRecorderBoneCompression.uasset" 11
"../../../Engine/Content/Animation/DefaultRecorderBoneCompression.uexp" 12
"../../../Engine/Content/Animation/DefaultVariableFrameStrippingSettings.uasset" 13
"../../../Engine/Content/Animation/DefaultVariableFrameStrippingSettings.uexp" 14
"../../../Engine/Content/EngineFonts/Faces/DroidSansFallback.uexp" 15
"../../../Engine/Content/EngineFonts/Faces/DroidSansFallback.uasset" 16
"../../../Engine/Content/EngineFonts/Faces/DroidSansFallback.ufont" 17
"../../../Engine/Content/EngineFonts/Faces/RobotoBold.uexp" 18
"../../../Engine/Content/EngineFonts/Faces/RobotoBold.uasset" 19
"../../../Engine/Content/EngineFonts/Faces/RobotoBold.ufont" 20
"../../../Engine/Content/EngineFonts/Faces/RobotoBoldItalic.uexp" 21
"../../../Engine/Content/EngineFonts/Faces/RobotoBoldItalic.uasset" 22
"../../../Engine/Content/EngineFonts/Faces/RobotoBoldItalic.ufont" 23
"../../../Engine/Content/EngineFonts/Faces/RobotoItalic.uexp" 24
"../../../Engine/Content/EngineFonts/Faces/RobotoItalic.uasset" 25
"../../../Engine/Content/EngineFonts/Faces/RobotoItalic.ufont" 26
"../../../Engine/Content/EngineFonts/Faces/RobotoLight.uexp" 27
"../../../Engine/Content/EngineFonts/Faces/RobotoLight.uasset" 28
"../../../Engine/Content/EngineFonts/Faces/RobotoLight.ufont" 29
"../../../Engine/Content/EngineFonts/Faces/RobotoRegular.uexp" 30
"../../../Engine/Content/EngineFonts/Faces/RobotoRegular.uasset" 31
"../../../Engine/Content/EngineFonts/Faces/RobotoRegular.ufont" 32
"../../../Engine/Content/EngineFonts/Roboto.uasset" 33
"../../../Engine/Content/EngineFonts/Roboto.uexp" 34
"../../../Engine/Content/EngineMaterials/DefaultDestructiblePhysicalMaterial.uasset" 35
"../../../Engine/Content/EngineMaterials/DefaultDestructiblePhysicalMaterial.uexp" 36
"../../../Engine/Content/EngineMaterials/DefaultPhysicalMaterial.uasset" 37
"../../../Engine/Content/EngineMaterials/DefaultPhysicalMaterial.uexp" 38
"../../../Engine/Content/EngineSounds/Master.uasset" 39
"../../../Engine/Content/EngineSounds/Master.uexp" 40
"../../../Engine/Plugins/Animation/ControlRig/Content/Controls/DefaultGizmoLibraryNormalized.uasset" 41
"../../../Engine/Plugins/Animation/ControlRig/Content/Controls/DefaultGizmoLibraryNormalized.uexp" 42
"../../../Engine/Content/EngineMaterials/T_Default_Material_Grid_M.ubulk" 43
"../../../Engine/Content/EngineMaterials/T_Default_Material_Grid_M.uasset" 44
"../../../Engine/Content/EngineMaterials/T_Default_Material_Grid_M.uexp" 45
"../../../Engine/Content/EngineMaterials/T_Default_Material_Grid_N.ubulk" 46
"../../../Engine/Content/EngineMaterials/T_Default_Material_Grid_N.uasset" 47
"../../../Engine/Content/EngineMaterials/T_Default_Material_Grid_N.uexp" 48
"../../../Engine/Content/Functions/Engine_MaterialFunctions01/Opacity/CameraDepthFade.uasset" 49
"../../../Engine/Content/Functions/Engine_MaterialFunctions01/Opacity/CameraDepthFade.uexp" 50
"../../../Engine/Content/EngineMaterials/DefaultMaterial.uasset" 51
"../../../Engine/Content/EngineMaterials/DefaultMaterial.uexp" 52
"../../../Engine/Content/BasicShapes/Sphere.ubulk" 53
"../../../Engine/Content/BasicShapes/Sphere.uasset" 54
"../../../Engine/Content/BasicShapes/Sphere.uexp" 55
"../../../Engine/Content/EditorLandscapeResources/DefaultAlphaTexture.uasset" 56
"../../../Engine/Content/EditorLandscapeResources/DefaultAlphaTexture.uexp" 57
"../../../Engine/Content/Functions/Engine_MaterialFunctions03/Math/WithinRangeFloat2.uasset" 58
"../../../Engine/Content/Functions/Engine_MaterialFunctions03/Math/WithinRangeFloat2.uexp" 59
"../../../Engine/Content/EditorLandscapeResources/WhiteSquareTexture.uasset" 60
"../../../Engine/Content/EditorLandscapeResources/WhiteSquareTexture.uexp" 61
"../../../Engine/Content/EditorLandscapeResources/SelectBrushMaterial.uasset" 62
"../../../Engine/Content/EditorLandscapeResources/SelectBrushMaterial.uexp" 63
"../../../Engine/Content/EditorLandscapeResources/SelectBrushMaterial_Selected.uasset" 64
"../../../Engine/Content/EditorLandscapeResources/SelectBrushMaterial_Selected.uexp" 65
"../../../Engine/Content/EditorLandscapeResources/SelectBrushMaterial_SelectedRegion.uasset" 66
"../../../Engine/Content/EditorLandscapeResources/SelectBrushMaterial_SelectedRegion.uexp" 67
"../../../Engine/Content/EditorLandscapeResources/SplineEditorMeshMat.uasset" 68
"../../../Engine/Content/EditorLandscapeResources/SplineEditorMeshMat.uexp" 69
"../../../Engine/Content/EditorLandscapeResources/SplineEditorMesh.ubulk" 70
"../../../Engine/Content/EditorLandscapeResources/SplineEditorMesh.uasset" 71
"../../../Engine/Content/EditorLandscapeResources/SplineEditorMesh.uexp" 72
"../../../Engine/Content/EngineMaterials/WorldGridMaterial.uasset" 73
"../../../Engine/Content/EngineMaterials/WorldGridMaterial.uexp" 74
"../../../Engine/Plugins/Media/MediaPlate/Content/SM_MediaPlateScreen.ubulk" 75
"../../../Engine/Plugins/Media/MediaPlate/Content/SM_MediaPlateScreen.uasset" 76
"../../../Engine/Plugins/Media/MediaPlate/Content/SM_MediaPlateScreen.uexp" 77
"../../../Engine/Content/BasicShapes/BasicShapeMaterial.uasset" 78
"../../../Engine/Content/BasicShapes/BasicShapeMaterial.uexp" 79
"../../../Engine/Content/BasicShapes/Cone.ubulk" 80
"../../../Engine/Content/BasicShapes/Cone.uasset" 81
"../../../Engine/Content/BasicShapes/Cone.uexp" 82
"../../../Engine/Content/BasicShapes/Cube.ubulk" 83
"../../../Engine/Content/BasicShapes/Cube.uasset" 84
"../../../Engine/Content/BasicShapes/Cube.uexp" 85
"../../../Engine/Content/BasicShapes/Cylinder.ubulk" 86
"../../../Engine/Content/BasicShapes/Cylinder.uasset" 87
"../../../Engine/Content/BasicShapes/Cylinder.uexp" 88
"../../../Engine/Content/BasicShapes/Plane.ubulk" 89
"../../../Engine/Content/BasicShapes/Plane.uasset" 90
"../../../Engine/Content/BasicShapes/Plane.uexp" 91
"../../../Engine/Content/EditorLandscapeResources/ColorMaskBrushMaterial.uasset" 92
"../../../Engine/Content/EditorLandscapeResources/ColorMaskBrushMaterial.uexp" 93
"../../../Engine/Content/EditorLandscapeResources/ColorMaskBrushMaterial_MaskedRegion.uasset" 94
"../../../Engine/Content/EditorLandscapeResources/ColorMaskBrushMaterial_MaskedRegion.uexp" 95
"../../../Engine/Content/EditorResources/S_Terrain.ubulk" 96
"../../../Engine/Content/EditorResources/S_Terrain.uasset" 97
"../../../Engine/Content/EditorResources/S_Terrain.uexp" 98
"../../../Engine/Content/EditorResources/S_Trigger.ubulk" 99
"../../../Engine/Content/EditorResources/S_Trigger.uasset" 100
"../../../Engine/Content/EditorResources/S_Trigger.uexp" 101
"../../../Engine/Content/EditorMaterials/PhAT_NoCollisionMaterial.uasset" 102
"../../../Engine/Content/EditorMaterials/PhAT_NoCollisionMaterial.uexp" 103
"../../../Engine/Content/EditorResources/BSPVertex.uasset" 104
"../../../Engine/Content/EditorResources/BSPVertex.uexp" 105
"../../../Engine/Content/EditorMaterials/PhAT_UnselectedMaterial.uasset" 106
"../../../Engine/Content/EditorMaterials/PhAT_UnselectedMaterial.uexp" 107
"../../../Engine/Content/EditorLandscapeResources/LandscapeDirtyMaterial.uasset" 108
"../../../Engine/Content/EditorLandscapeResources/LandscapeDirtyMaterial.uexp" 109
"../../../Engine/Content/EditorMaterials/PreviewShadowIndicator.ubulk" 110
"../../../Engine/Content/EditorMaterials/PreviewShadowIndicator.uasset" 111
"../../../Engine/Content/EditorMaterials/PreviewShadowIndicator.uexp" 112
"../../../Engine/Content/EditorMaterials/PreviewShadowIndicatorMaterial.uasset" 113
"../../../Engine/Content/EditorMaterials/PreviewShadowIndicatorMaterial.uexp" 114
"../../../Engine/Content/EngineMaterials/DefaultDiffuse.ubulk" 115
"../../../Engine/Content/EngineMaterials/DefaultDiffuse.uasset" 116
"../../../Engine/Content/EngineMaterials/DefaultDiffuse.uexp" 117
"../../../Engine/Content/Functions/Engine_MaterialFunctions01/Texturing/TextureCropping.uasset" 118
"../../../Engine/Content/Functions/Engine_MaterialFunctions01/Texturing/TextureCropping.uexp" 119
"../../../Engine/Content/Functions/Engine_MaterialFunctions02/ExampleContent/DebugNumberStrip.uasset" 120
"../../../Engine/Content/Functions/Engine_MaterialFunctions02/ExampleContent/DebugNumberStrip.uexp" 121
"../../../Engine/Content/Functions/Engine_MaterialFunctions01/Debug/DebugIntValues.uasset" 122
"../../../Engine/Content/Functions/Engine_MaterialFunctions01/Debug/DebugIntValues.uexp" 123
"../../../Engine/Content/Functions/Engine_MaterialFunctions02/Utility/BreakOutFloat2Components.uasset" 124
"../../../Engine/Content/Functions/Engine_MaterialFunctions02/Utility/BreakOutFloat2Components.uexp" 125
"../../../Engine/Content/Functions/Engine_MaterialFunctions01/Texturing/ScaleUVsByCenter.uasset" 126
"../../../Engine/Content/Functions/Engine_MaterialFunctions01/Texturing/ScaleUVsByCenter.uexp" 127
"../../../Engine/Content/Functions/Engine_MaterialFunctions02/WorldPositionOffset/LocalPosition.uasset" 128
"../../../Engine/Content/Functions/Engine_MaterialFunctions02/WorldPositionOffset/LocalPosition.uexp" 129
"../../../Engine/Content/EditorLandscapeResources/LandscapeLayerUsageMaterial.uasset" 130
"../../../Engine/Content/EditorLandscapeResources/LandscapeLayerUsageMaterial.uexp" 131
"../../../Engine/Content/EditorResources/S_TriggerBox.uasset" 132
"../../../Engine/Content/EditorResources/S_TriggerBox.uexp" 133
"../../../Engine/Content/EditorResources/S_TriggerCapsule.uasset" 134
"../../../Engine/Content/EditorResources/S_TriggerCapsule.uexp" 135
"../../../Engine/Content/EditorResources/S_TriggerSphere.uasset" 136
"../../../Engine/Content/EditorResources/S_TriggerSphere.uexp" 137
"../../../Engine/Content/EditorLandscapeResources/LayerVisMaterial.uasset" 138
"../../../Engine/Content/EditorLandscapeResources/LayerVisMaterial.uexp" 139
"../../../Engine/Content/Functions/Engine_MaterialFunctions02/Utility/MakeFloat3.uasset" 140
"../../../Engine/Content/Functions/Engine_MaterialFunctions02/Utility/MakeFloat3.uexp" 141
"../../../Engine/Content/EditorLandscapeResources/MaskBrushMaterial.uasset" 142
"../../../Engine/Content/EditorLandscapeResources/MaskBrushMaterial.uexp" 143
"../../../Engine/Content/EditorLandscapeResources/MaskBrushMaterial_MaskedRegion.uasset" 144
"../../../Engine/Content/EditorLandscapeResources/MaskBrushMaterial_MaskedRegion.uexp" 145
"../../../Engine/Content/EditorResources/S_Actor.ubulk" 146
"../../../Engine/Content/EditorResources/S_Actor.uasset" 147
"../../../Engine/Content/EditorResources/S_Actor.uexp" 148
"../../../Engine/Content/EditorResources/S_BoxReflectionCapture.uasset" 149
"../../../Engine/Content/EditorResources/S_BoxReflectionCapture.uexp" 150
"../../../Engine/Content/EngineResources/Black.uasset" 151
"../../../Engine/Content/EngineResources/Black.uexp" 152
"../../../Engine/Content/EngineMaterials/MiniFont.uasset" 153
"../../../Engine/Content/EngineMaterials/MiniFont.uexp" 154
"../../../Engine/Content/EngineDamageTypes/DmgTypeBP_Environmental.uasset" 155
"../../../Engine/Content/EngineDamageTypes/DmgTypeBP_Environmental.uexp" 156
"../../../Engine/Content/EngineMaterials/InvalidLightmapSettings.ubulk" 157
"../../../Engine/Content/EngineMaterials/InvalidLightmapSettings.uasset" 158
"../../../Engine/Content/EngineMaterials/InvalidLightmapSettings.uexp" 159
"../../../Engine/Content/EngineMaterials/M_InvalidLightmapSettings.uasset" 160
"../../../Engine/Content/EngineMaterials/M_InvalidLightmapSettings.uexp" 161
"../../../Engine/Content/EngineMaterials/NaniteHiddenSectionMaterial.uasset" 162
"../../../Engine/Content/EngineMaterials/NaniteHiddenSectionMaterial.uexp" 163
"../../../Engine/Content/EngineResources/DefaultTexture.ubulk" 164
"../../../Engine/Content/EngineResources/DefaultTexture.uasset" 165
"../../../Engine/Content/EngineResources/DefaultTexture.uexp" 166
"../../../Engine/Content/EngineResources/DefaultTextureCube.uasset" 167
"../../../Engine/Content/EngineResources/DefaultTextureCube.uexp" 168
"../../../Engine/Content/EngineMaterials/DefaultBloomKernel.uasset" 169
"../../../Engine/Content/EngineMaterials/DefaultBloomKernel.uexp" 170
"../../../Engine/Content/EngineMaterials/DefaultBokeh.uasset" 171
"../../../Engine/Content/EngineMaterials/DefaultBokeh.uexp" 172
"../../../Engine/Content/Functions/Engine_MaterialFunctions02/WorldPositionOffset/CameraOffset.uasset" 173
"../../../Engine/Content/Functions/Engine_MaterialFunctions02/WorldPositionOffset/CameraOffset.uexp" 174
"../../../Engine/Content/EngineMaterials/PhAT_JointLimitMaterial.uasset" 175
"../../../Engine/Content/EngineMaterials/PhAT_JointLimitMaterial.uexp" 176
"../../../Engine/Content/EngineMaterials/DefaultCalibrationColor.uasset" 177
"../../../Engine/Content/EngineMaterials/DefaultCalibrationColor.uexp" 178
"../../../Engine/Content/EngineMaterials/PPM_DefaultCalibrationColor.uasset" 179
"../../../Engine/Content/EngineMaterials/PPM_DefaultCalibrationColor.uexp" 180
"../../../Engine/Content/EngineMaterials/DefaultCalibrationGrayscale.uasset" 181
"../../../Engine/Content/EngineMaterials/DefaultCalibrationGrayscale.uexp" 182
"../../../Engine/Content/EngineMaterials/PPM_DefaultCalibrationGrayscale.uasset" 183
"../../../Engine/Content/EngineMaterials/PPM_DefaultCalibrationGrayscale.uexp" 184
"../../../Engine/Content/EngineDebugMaterials/DebugEditorMaterial.uasset" 185
"../../../Engine/Content/EngineDebugMaterials/DebugEditorMaterial.uexp" 186
"../../../Engine/Content/EngineMaterials/PreintegratedSkinBRDF.uasset" 187
"../../../Engine/Content/EngineMaterials/PreintegratedSkinBRDF.uexp" 188
"../../../Engine/Content/EngineResources/GradientTexture0.uasset" 189
"../../../Engine/Content/EngineResources/GradientTexture0.uexp" 190
"../../../Engine/Content/EngineMaterials/DefaultDeferredDecalMaterial.uasset" 191
"../../../Engine/Content/EngineMaterials/DefaultDeferredDecalMaterial.uexp" 192
"../../../Engine/Content/EngineDebugMaterials/DebugMeshMaterial.uasset" 193
"../../../Engine/Content/EngineDebugMaterials/DebugMeshMaterial.uexp" 194
"../../../Engine/Content/EditorResources/S_Solver.ubulk" 195
"../../../Engine/Content/EditorResources/S_Solver.uasset" 196
"../../../Engine/Content/EditorResources/S_Solver.uexp" 197
"../../../Engine/Content/EngineResources/LandscapeVisibilityLayerInfo.uasset" 198
"../../../Engine/Content/EngineResources/LandscapeVisibilityLayerInfo.uexp" 199
"../../../Engine/Content/EngineMaterials/DefaultLightFunctionMaterial.uasset" 200
"../../../Engine/Content/EngineMaterials/DefaultLightFunctionMaterial.uexp" 201
"../../../Engine/Plugins/Animation/ControlRig/Content/Controls/ControlRig_Box_1mm.ubulk" 202
"../../../Engine/Plugins/Animation/ControlRig/Content/Controls/ControlRig_Box_1mm.uasset" 203
"../../../Engine/Plugins/Animation/ControlRig/Content/Controls/ControlRig_Box_1mm.uexp" 204
"../../../Engine/Content/EngineMaterials/RemoveSurfaceMaterial.uasset" 205
"../../../Engine/Content/EngineMaterials/RemoveSurfaceMaterial.uexp" 206
"../../../Engine/Plugins/Animation/ControlRig/Content/Controls/ControlRig_Box_3mm.ubulk" 207
"../../../Engine/Plugins/Animation/ControlRig/Content/Controls/ControlRig_Box_3mm.uasset" 208
"../../../Engine/Plugins/Animation/ControlRig/Content/Controls/ControlRig_Box_3mm.uexp" 209
"../../../Engine/Content/EngineMaterials/SMAAAreaTex.uasset" 210
"../../../Engine/Content/EngineMaterials/SMAAAreaTex.uexp" 211
"../../../Engine/Plugins/Animation/ControlRig/Content/Controls/ControlRig_Box_solid.ubulk" 212
"../../../Engine/Plugins/Animation/ControlRig/Content/Controls/ControlRig_Box_solid.uasset" 213
"../../../Engine/Plugins/Animation/ControlRig/Content/Controls/ControlRig_Box_solid.uexp" 214
"../../../Engine/Content/EngineMaterials/DefaultPostProcessMaterial.uasset" 215
"../../../Engine/Content/EngineMaterials/DefaultPostProcessMaterial.uexp" 216
"../../../Engine/Content/EngineFonts/RobotoDistanceField.uasset" 217
"../../../Engine/Content/EngineFonts/RobotoDistanceField.uexp" 218
"../../../Engine/Content/EngineMaterials/DefaultTextMaterialOpaque.uasset" 219
"../../../Engine/Content/EngineMaterials/DefaultTextMaterialOpaque.uexp" 220
"../../../Engine/Content/EngineMaterials/SMAASearchTex.uasset" 221
"../../../Engine/Content/EngineMaterials/SMAASearchTex.uexp" 222
"../../../Engine/Plugins/Animation/ControlRig/Content/Controls/ControlRig_Circle_1mm.ubulk" 223
"../../../Engine/Plugins/Animation/ControlRig/Content/Controls/ControlRig_Circle_1mm.uasset" 224
"../../../Engine/Plugins/Animation/ControlRig/Content/Controls/ControlRig_Circle_1mm.uexp" 225
"../../../Engine/Plugins/Animation/ControlRig/Content/Controls/ControlRig_Circle_3mm.ubulk" 226
"../../../Engine/Plugins/Animation/ControlRig/Content/Controls/ControlRig_Circle_3mm.uasset" 227
"../../../Engine/Plugins/Animation/ControlRig/Content/Controls/ControlRig_Circle_3mm.uexp" 228
"../../../Engine/Content/EngineMaterials/DefaultWhiteGrid.ubulk" 229
"../../../Engine/Content/EngineMaterials/DefaultWhiteGrid.uasset" 230
"../../../Engine/Content/EngineMaterials/DefaultWhiteGrid.uexp" 231
"../../../Engine/Plugins/Animation/ControlRig/Content/Controls/ControlRig_Circle_solid.ubulk" 232
"../../../Engine/Plugins/Animation/ControlRig/Content/Controls/ControlRig_Circle_solid.uasset" 233
"../../../Engine/Plugins/Animation/ControlRig/Content/Controls/ControlRig_Circle_solid.uexp" 234
"../../../Engine/Plugins/Animation/ControlRig/Content/Controls/ControlRig_Diamond_1mm.ubulk" 235
"../../../Engine/Plugins/Animation/ControlRig/Content/Controls/ControlRig_Diamond_1mm.uasset" 236
"../../../Engine/Plugins/Animation/ControlRig/Content/Controls/ControlRig_Diamond_1mm.uexp" 237
"../../../Engine/Content/EngineDebugMaterials/M_SimpleUnlitTranslucent.uasset" 238
"../../../Engine/Content/EngineDebugMaterials/M_SimpleUnlitTranslucent.uexp" 239
"../../../Engine/Content/EngineMaterials/DefaultWhiteGrid_Low.uasset" 240
"../../../Engine/Content/EngineMaterials/DefaultWhiteGrid_Low.uexp" 241
"../../../Engine/Content/EngineMaterials/EmissiveMeshMaterial.uasset" 242
"../../../Engine/Content/EngineMaterials/EmissiveMeshMaterial.uexp" 243
"../../../Engine/Plugins/Animation/ControlRig/Content/Controls/ControlRig_Diamond_3mm.ubulk" 244
"../../../Engine/Plugins/Animation/ControlRig/Content/Controls/ControlRig_Diamond_3mm.uasset" 245
"../../../Engine/Plugins/Animation/ControlRig/Content/Controls/ControlRig_Diamond_3mm.uexp" 246
"../../../Engine/Content/Functions/Engine_MaterialFunctions02/Utility/CameraDirectionVector.uasset" 247
"../../../Engine/Content/Functions/Engine_MaterialFunctions02/Utility/CameraDirectionVector.uexp" 248
"../../../Engine/Content/EngineDebugMaterials/VolumeToRender.uasset" 249
"../../../Engine/Content/EngineDebugMaterials/VolumeToRender.uexp" 250
"../../../Engine/Content/EngineDebugMaterials/M_VolumeRenderSphereTracePP.uasset" 251
"../../../Engine/Content/EngineDebugMaterials/M_VolumeRenderSphereTracePP.uexp" 252
"../../../Engine/Plugins/Animation/ControlRig/Content/Controls/ControlRig_Diamond_solid.ubulk" 253
"../../../Engine/Plugins/Animation/ControlRig/Content/Controls/ControlRig_Diamond_solid.uasset" 254
"../../../Engine/Plugins/Animation/ControlRig/Content/Controls/ControlRig_Diamond_solid.uexp" 255
"../../../Engine/Content/EngineMaterials/FastBlueNoise_scalar_128x128x64.uasset" 256
"../../../Engine/Content/EngineMaterials/FastBlueNoise_scalar_128x128x64.uexp" 257
"../../../Engine/Plugins/Animation/ControlRig/Content/Controls/ControlRig_HalfCircle_1mm.ubulk" 258
"../../../Engine/Plugins/Animation/ControlRig/Content/Controls/ControlRig_HalfCircle_1mm.uasset" 259
"../../../Engine/Plugins/Animation/ControlRig/Content/Controls/ControlRig_HalfCircle_1mm.uexp" 260
"../../../Engine/Plugins/Animation/ControlRig/Content/Controls/ControlRig_HalfCircle_3mm.ubulk" 261
"../../../Engine/Plugins/Animation/ControlRig/Content/Controls/ControlRig_HalfCircle_3mm.uasset" 262
"../../../Engine/Plugins/Animation/ControlRig/Content/Controls/ControlRig_HalfCircle_3mm.uexp" 263
"../../../Engine/Content/EngineMaterials/FastBlueNoise_scalar_128x128x8.uasset" 264
"../../../Engine/Content/EngineMaterials/FastBlueNoise_scalar_128x128x8.uexp" 265
"../../../Engine/Plugins/Animation/ControlRig/Content/Controls/ControlRig_HalfCircle_solid.ubulk" 266
"../../../Engine/Plugins/Animation/ControlRig/Content/Controls/ControlRig_HalfCircle_solid.uasset" 267
"../../../Engine/Plugins/Animation/ControlRig/Content/Controls/ControlRig_HalfCircle_solid.uexp" 268
"../../../Engine/Content/EngineMaterials/FastBlueNoise_vec2_128x128x64.uasset" 269
"../../../Engine/Content/EngineMaterials/FastBlueNoise_vec2_128x128x64.uexp" 270
"../../../Engine/Content/EngineSky/M_SimpleSkyDome.uasset" 271
"../../../Engine/Content/EngineSky/M_SimpleSkyDome.uexp" 272
"../../../Engine/Plugins/Animation/ControlRig/Content/Controls/ControlRig_Hexagon_1mm.ubulk" 273
"../../../Engine/Plugins/Animation/ControlRig/Content/Controls/ControlRig_Hexagon_1mm.uasset" 274
"../../../Engine/Plugins/Animation/ControlRig/Content/Controls/ControlRig_Hexagon_1mm.uexp" 275
"../../../Engine/Content/EngineMaterials/BaseFlattenDiffuseMap.uasset" 276
"../../../Engine/Content/EngineMaterials/BaseFlattenDiffuseMap.uexp" 277
"../../../Engine/Content/EngineMaterials/BaseFlattenEmissiveMap.uasset" 278
"../../../Engine/Content/EngineMaterials/BaseFlattenEmissiveMap.uexp" 279
"../../../Engine/Content/EngineMaterials/BaseFlattenGrayscaleMap.uasset" 280
"../../../Engine/Content/EngineMaterials/BaseFlattenGrayscaleMap.uexp" 281
"../../../Engine/Content/EngineMaterials/BaseFlattenLinearColor.uasset" 282
"../../../Engine/Content/EngineMaterials/BaseFlattenLinearColor.uexp" 283
"../../../Engine/Content/EngineMaterials/BaseFlattenNormalMap.uasset" 284
"../../../Engine/Content/EngineMaterials/BaseFlattenNormalMap.uexp" 285
"../../../Engine/Content/Functions/Engine_MaterialFunctions02/PivotPainter2/Black_1x1_EXR_Texture.uasset" 286
"../../../Engine/Content/Functions/Engine_MaterialFunctions02/PivotPainter2/Black_1x1_EXR_Texture.uexp" 287
"../../../Engine/Content/EngineMaterials/FlattenMaterial.uasset" 288
"../../../Engine/Content/EngineMaterials/FlattenMaterial.uexp" 289
"../../../Engine/Content/EngineMaterials/WeightMapPlaceholderTexture.uasset" 290
"../../../Engine/Content/EngineMaterials/WeightMapPlaceholderTexture.uexp" 291
"../../../Engine/Content/EngineMaterials/WeightMapArrayPlaceholderTexture.uasset" 292
"../../../Engine/Content/EngineMaterials/WeightMapArrayPlaceholderTexture.uexp" 293
"../../../Engine/Content/EngineMaterials/BaseFlattenDiffuseMap_VT.uasset" 294
"../../../Engine/Content/EngineMaterials/BaseFlattenDiffuseMap_VT.uexp" 295
"../../../Engine/Content/EngineMaterials/BaseFlattenEmissiveMap_VT.uasset" 296
"../../../Engine/Content/EngineMaterials/BaseFlattenEmissiveMap_VT.uexp" 297
"../../../Engine/Content/EngineMaterials/BaseFlattenGrayscaleMap_VT.uasset" 298
"../../../Engine/Content/EngineMaterials/BaseFlattenGrayscaleMap_VT.uexp" 299
"../../../Engine/Content/EngineMaterials/BaseFlattenLinearColor_VT.uasset" 300
"../../../Engine/Content/EngineMaterials/BaseFlattenLinearColor_VT.uexp" 301
"../../../Engine/Content/EngineMaterials/BaseFlattenNormalMap_VT.uasset" 302
"../../../Engine/Content/EngineMaterials/BaseFlattenNormalMap_VT.uexp" 303
"../../../Engine/Content/EngineMaterials/Black_1x1_EXR_Texture_VT.uasset" 304
"../../../Engine/Content/EngineMaterials/Black_1x1_EXR_Texture_VT.uexp" 305
"../../../Engine/Content/EngineMaterials/FlattenMaterial_VT.uasset" 306
"../../../Engine/Content/EngineMaterials/FlattenMaterial_VT.uexp" 307
"../../../Engine/Plugins/Animation/ControlRig/Content/Controls/ControlRig_Hexagon_3mm.ubulk" 308
"../../../Engine/Plugins/Animation/ControlRig/Content/Controls/ControlRig_Hexagon_3mm.uasset" 309
"../../../Engine/Plugins/Animation/ControlRig/Content/Controls/ControlRig_Hexagon_3mm.uexp" 310
"../../../Engine/Content/EngineMaterials/FlattenMaterial_WS_Normal_VT.uasset" 311
"../../../Engine/Content/EngineMaterials/FlattenMaterial_WS_Normal_VT.uexp" 312
"../../../Engine/Content/EngineSky/T_Sky_Blue.ubulk" 313
"../../../Engine/Content/EngineSky/T_Sky_Blue.uasset" 314
"../../../Engine/Content/EngineSky/T_Sky_Blue.uexp" 315
"../../../Engine/Content/EngineSky/T_Sky_Clouds_M.ubulk" 316
"../../../Engine/Content/EngineSky/T_Sky_Clouds_M.uasset" 317
"../../../Engine/Content/EngineSky/T_Sky_Clouds_M.uexp" 318
"../../../Engine/Content/EngineSky/T_Sky_Stars.ubulk" 319
"../../../Engine/Content/EngineSky/T_Sky_Stars.uasset" 320
"../../../Engine/Content/EngineSky/T_Sky_Stars.uexp" 321
"../../../Engine/Content/EngineSky/M_Sky_Panning_Clouds2.uasset" 322
"../../../Engine/Content/EngineSky/M_Sky_Panning_Clouds2.uexp" 323
"../../../Engine/Content/EngineSky/SM_SkySphere.ubulk" 324
"../../../Engine/Content/EngineSky/SM_SkySphere.uasset" 325
"../../../Engine/Content/EngineSky/SM_SkySphere.uexp" 326
"../../../Engine/Plugins/Animation/ControlRig/Content/Controls/ControlRig_Hexagon_solid.ubulk" 327
"../../../Engine/Plugins/Animation/ControlRig/Content/Controls/ControlRig_Hexagon_solid.uasset" 328
"../../../Engine/Plugins/Animation/ControlRig/Content/Controls/ControlRig_Hexagon_solid.uexp" 329
"../../../Engine/Content/EngineResources/WhiteSquareTexture.uasset" 330
"../../../Engine/Content/EngineResources/WhiteSquareTexture.uexp" 331
"../../../Engine/Content/EngineMaterials/Widget3DPassThrough.uasset" 332
"../../../Engine/Content/EngineMaterials/Widget3DPassThrough.uexp" 333
"../../../Engine/Content/EngineMaterials/Widget3DPassThrough_Masked.uasset" 334
"../../../Engine/Content/EngineMaterials/Widget3DPassThrough_Masked.uexp" 335
"../../../Engine/Content/EngineMaterials/Widget3DPassThrough_Opaque.uasset" 336
"../../../Engine/Content/EngineMaterials/Widget3DPassThrough_Opaque.uexp" 337
"../../../Engine/Content/EngineMaterials/Widget3DPassThrough_Masked_OneSided.uasset" 338
"../../../Engine/Content/EngineMaterials/Widget3DPassThrough_Masked_OneSided.uexp" 339
"../../../Engine/Content/EngineMaterials/GizmoMaterial.uasset" 340
"../../../Engine/Content/EngineMaterials/GizmoMaterial.uexp" 341
"../../../Engine/Content/EngineMaterials/Widget3DPassThrough_Opaque_OneSided.uasset" 342
"../../../Engine/Content/EngineMaterials/Widget3DPassThrough_Opaque_OneSided.uexp" 343
"../../../Engine/Content/EngineMaterials/Widget3DPassThrough_Translucent.uasset" 344
"../../../Engine/Content/EngineMaterials/Widget3DPassThrough_Translucent.uexp" 345
"../../../Engine/Content/EngineMaterials/Widget3DPassThrough_Translucent_OneSided.uasset" 346
"../../../Engine/Content/EngineMaterials/Widget3DPassThrough_Translucent_OneSided.uexp" 347
"../../../Engine/Plugins/Animation/ControlRig/Content/Controls/ControlRig_Octagon_1mm.ubulk" 348
"../../../Engine/Plugins/Animation/ControlRig/Content/Controls/ControlRig_Octagon_1mm.uasset" 349
"../../../Engine/Plugins/Animation/ControlRig/Content/Controls/ControlRig_Octagon_1mm.uexp" 350
"../../../Engine/Plugins/Animation/ControlRig/Content/Controls/ControlRig_Octagon_3mm.ubulk" 351
"../../../Engine/Plugins/Animation/ControlRig/Content/Controls/ControlRig_Octagon_3mm.uasset" 352
"../../../Engine/Plugins/Animation/ControlRig/Content/Controls/ControlRig_Octagon_3mm.uexp" 353
"../../../Engine/Plugins/Animation/ControlRig/Content/Controls/ControlRig_Octagon_solid.ubulk" 354
"../../../Engine/Plugins/Animation/ControlRig/Content/Controls/ControlRig_Octagon_solid.uasset" 355
"../../../Engine/Plugins/Animation/ControlRig/Content/Controls/ControlRig_Octagon_solid.uexp" 356
"../../../Engine/Content/Functions/Engine_MaterialFunctions02/SplitComponents.uasset" 357
"../../../Engine/Content/Functions/Engine_MaterialFunctions02/SplitComponents.uexp" 358
"../../../Engine/Content/Functions/Engine_MaterialFunctions02/Utility/BreakOutFloat3Components.uasset" 359
"../../../Engine/Content/Functions/Engine_MaterialFunctions02/Utility/BreakOutFloat3Components.uexp" 360
"../../../Engine/Content/Functions/Engine_MaterialFunctions02/Math/Transform3x3Matrix.uasset" 361
"../../../Engine/Content/Functions/Engine_MaterialFunctions02/Math/Transform3x3Matrix.uexp" 362
"../../../Engine/Content/VREditor/SnapGrid/SnapGridMaterial.uasset" 363
"../../../Engine/Content/VREditor/SnapGrid/SnapGridMaterial.uexp" 364
"../../../Engine/Content/VREditor/SnapGrid/SnapGridPlaneMesh.ubulk" 365
"../../../Engine/Content/VREditor/SnapGrid/SnapGridPlaneMesh.uasset" 366
"../../../Engine/Content/VREditor/SnapGrid/SnapGridPlaneMesh.uexp" 367
"../../../Engine/Content/VREditor/LaserPointer/VR_LaserPower_01.ubulk" 368
"../../../Engine/Content/VREditor/LaserPointer/VR_LaserPower_01.uasset" 369
"../../../Engine/Content/VREditor/LaserPointer/VR_LaserPower_01.uexp" 370
"../../../Engine/Content/VREditor/TransformGizmo/TransformGizmoMaterial.uasset" 371
"../../../Engine/Content/VREditor/TransformGizmo/TransformGizmoMaterial.uexp" 372
"../../../Engine/Content/VREditor/TransformGizmo/TranslucentTransformGizmoMaterial.uasset" 373
"../../../Engine/Content/VREditor/TransformGizmo/TranslucentTransformGizmoMaterial.uexp" 374
"../../../Engine/Content/VREditor/TransformGizmo/PlaneTranslationHandle.ubulk" 375
"../../../Engine/Content/VREditor/TransformGizmo/PlaneTranslationHandle.uasset" 376
"../../../Engine/Content/VREditor/TransformGizmo/PlaneTranslationHandle.uexp" 377
"../../../Engine/Content/VREditor/TransformGizmo/RotationHandleFull.ubulk" 378
"../../../Engine/Content/VREditor/TransformGizmo/RotationHandleFull.uasset" 379
"../../../Engine/Content/VREditor/TransformGizmo/RotationHandleFull.uexp" 380
"../../../Engine/Content/VREditor/TransformGizmo/RotationHandleIndicator.ubulk" 381
"../../../Engine/Content/VREditor/TransformGizmo/RotationHandleIndicator.uasset" 382
"../../../Engine/Content/VREditor/TransformGizmo/RotationHandleIndicator.uexp" 383
"../../../Engine/Content/VREditor/TransformGizmo/RotationHandleQuarter.ubulk" 384
"../../../Engine/Content/VREditor/TransformGizmo/RotationHandleQuarter.uasset" 385
"../../../Engine/Content/VREditor/TransformGizmo/RotationHandleQuarter.uexp" 386
"../../../Engine/Content/VREditor/TransformGizmo/StartRotationHandleIndicator.ubulk" 387
"../../../Engine/Content/VREditor/TransformGizmo/StartRotationHandleIndicator.uasset" 388
"../../../Engine/Content/VREditor/TransformGizmo/StartRotationHandleIndicator.uexp" 389
"../../../Engine/Content/VREditor/TransformGizmo/TranslucentTransformGizmoMaterial_Inst.uasset" 390
"../../../Engine/Content/VREditor/TransformGizmo/TranslucentTransformGizmoMaterial_Inst.uexp" 391
"../../../Engine/Content/VREditor/TransformGizmo/TransformGizmoFreeRotation.ubulk" 392
"../../../Engine/Content/VREditor/TransformGizmo/TransformGizmoFreeRotation.uasset" 393
"../../../Engine/Content/VREditor/TransformGizmo/TransformGizmoFreeRotation.uexp" 394
"../../../Engine/Content/VREditor/TransformGizmo/TransformGizmoMaterial_Inst.uasset" 395
"../../../Engine/Content/VREditor/TransformGizmo/TransformGizmoMaterial_Inst.uexp" 396
"../../../Engine/Content/VREditor/TransformGizmo/TranslateArrowHandle.ubulk" 397
"../../../Engine/Content/VREditor/TransformGizmo/TranslateArrowHandle.uasset" 398
"../../../Engine/Content/VREditor/TransformGizmo/TranslateArrowHandle.uexp" 399
"../../../Engine/Content/VREditor/TransformGizmo/UniformScaleHandle.ubulk" 400
"../../../Engine/Content/VREditor/TransformGizmo/UniformScaleHandle.uasset" 401
"../../../Engine/Content/VREditor/TransformGizmo/UniformScaleHandle.uexp" 402
"../../../Engine/Content/VREditor/Sounds/UI/Drop_Item_From_ContentBrowser.ubulk" 403
"../../../Engine/Content/VREditor/Sounds/UI/Drop_Item_From_ContentBrowser.uasset" 404
"../../../Engine/Content/VREditor/Sounds/UI/Drop_Item_From_ContentBrowser.uexp" 405
"../../../Engine/Content/VREditor/Sounds/UI/Gizmo_Handle_Clicked.ubulk" 406
"../../../Engine/Content/VREditor/Sounds/UI/Gizmo_Handle_Clicked.uasset" 407
"../../../Engine/Content/VREditor/Sounds/UI/Gizmo_Handle_Clicked.uexp" 408
"../../../Engine/Content/VREditor/Sounds/UI/Object_PickUp.ubulk" 409
"../../../Engine/Content/VREditor/Sounds/UI/Object_PickUp.uasset" 410
"../../../Engine/Content/VREditor/Sounds/UI/Object_PickUp.uexp" 411
"../../../Engine/Content/VREditor/Sounds/UI/Object_Snaps_To_Another_Actor.ubulk" 412
"../../../Engine/Content/VREditor/Sounds/UI/Object_Snaps_To_Another_Actor.uasset" 413
"../../../Engine/Content/VREditor/Sounds/UI/Object_Snaps_To_Another_Actor.uexp" 414
"../../../Engine/Content/VREditor/Sounds/UI/Object_Snaps_To_Grid.ubulk" 415
"../../../Engine/Content/VREditor/Sounds/UI/Object_Snaps_To_Grid.uasset" 416
"../../../Engine/Content/VREditor/Sounds/UI/Object_Snaps_To_Grid.uexp" 417
"../../../Engine/Content/VREditor/Sounds/UI/Scaling_Down.ubulk" 418
"../../../Engine/Content/VREditor/Sounds/UI/Scaling_Down.uasset" 419
"../../../Engine/Content/VREditor/Sounds/UI/Scaling_Down.uexp" 420
"../../../Engine/Content/VREditor/Sounds/UI/Scaling_Up.ubulk" 421
"../../../Engine/Content/VREditor/Sounds/UI/Scaling_Up.uasset" 422
"../../../Engine/Content/VREditor/Sounds/UI/Scaling_Up.uexp" 423
"../../../Engine/Content/VREditor/Sounds/UI/Selection_Changes.ubulk" 424
"../../../Engine/Content/VREditor/Sounds/UI/Selection_Changes.uasset" 425
"../../../Engine/Content/VREditor/Sounds/UI/Selection_Changes.uexp" 426
"../../../Engine/Plugins/Animation/ControlRig/Content/Controls/ControlRig_Pyramid_1mm.ubulk" 427
"../../../Engine/Plugins/Animation/ControlRig/Content/Controls/ControlRig_Pyramid_1mm.uasset" 428
"../../../Engine/Plugins/Animation/ControlRig/Content/Controls/ControlRig_Pyramid_1mm.uexp" 429
"../../../Engine/Plugins/Animation/ControlRig/Content/Controls/ControlRig_Pyramid_3mm.ubulk" 430
"../../../Engine/Plugins/Animation/ControlRig/Content/Controls/ControlRig_Pyramid_3mm.uasset" 431
"../../../Engine/Plugins/Animation/ControlRig/Content/Controls/ControlRig_Pyramid_3mm.uexp" 432
"../../../Engine/Plugins/Animation/ControlRig/Content/Controls/ControlRig_Pyramid_solid.ubulk" 433
"../../../Engine/Plugins/Animation/ControlRig/Content/Controls/ControlRig_Pyramid_solid.uasset" 434
"../../../Engine/Plugins/Animation/ControlRig/Content/Controls/ControlRig_Pyramid_solid.uexp" 435
"../../../Engine/Plugins/Animation/ControlRig/Content/Controls/ControlRigGizmoMaterial.uasset" 436
"../../../Engine/Plugins/Animation/ControlRig/Content/Controls/ControlRigGizmoMaterial.uexp" 437
"../../../Engine/Plugins/Animation/ControlRig/Content/Controls/ControlRigXRayMaterial.uasset" 438
"../../../Engine/Plugins/Animation/ControlRig/Content/Controls/ControlRigXRayMaterial.uexp" 439
"../../../Engine/Plugins/Animation/DeformerGraph/Content/DeformerFunctions/DG_Function_LinearBlendSkin_Morph_Cloth.uasset" 440
"../../../Engine/Plugins/Animation/DeformerGraph/Content/DeformerFunctions/DG_Function_LinearBlendSkin_Morph_Cloth.uexp" 441
"../../../Engine/Plugins/Animation/DeformerGraph/Content/Deformers/DG_LinearBlendSkin_Morph_Cloth.uasset" 442
"../../../Engine/Plugins/Animation/DeformerGraph/Content/Deformers/DG_LinearBlendSkin_Morph_Cloth.uexp" 443
"../../../Engine/Plugins/Animation/ControlRig/Content/Controls/ControlRig_QuarterCircle_1mm.ubulk" 444
"../../../Engine/Plugins/Animation/ControlRig/Content/Controls/ControlRig_QuarterCircle_1mm.uasset" 445
"../../../Engine/Plugins/Animation/ControlRig/Content/Controls/ControlRig_QuarterCircle_1mm.uexp" 446
"../../../Engine/Plugins/Animation/DeformerGraph/Content/DeformerFunctions/DG_Function_ComputeNormalsTangents.uasset" 447
"../../../Engine/Plugins/Animation/DeformerGraph/Content/DeformerFunctions/DG_Function_ComputeNormalsTangents.uexp" 448
"../../../Engine/Plugins/Animation/DeformerGraph/Content/DeformerFunctions/DG_Function_LinearBlendSkin_Morph_Cloth_PositionOnly.uasset" 449
"../../../Engine/Plugins/Animation/DeformerGraph/Content/DeformerFunctions/DG_Function_LinearBlendSkin_Morph_Cloth_PositionOnly.uexp" 450
"../../../Engine/Plugins/Animation/DeformerGraph/Content/Deformers/DG_LinearBlendSkin_Morph_Cloth_RecomputeNormals.uasset" 451
"../../../Engine/Plugins/Animation/DeformerGraph/Content/Deformers/DG_LinearBlendSkin_Morph_Cloth_RecomputeNormals.uexp" 452
"../../../Engine/Plugins/Animation/ControlRig/Content/Controls/ControlRig_QuarterCircle_3mm.ubulk" 453
"../../../Engine/Plugins/Animation/ControlRig/Content/Controls/ControlRig_QuarterCircle_3mm.uasset" 454
"../../../Engine/Plugins/Animation/ControlRig/Content/Controls/ControlRig_QuarterCircle_3mm.uexp" 455
"../../../Engine/Content/EngineMeshes/Sphere.ubulk" 456
"../../../Engine/Content/EngineMeshes/Sphere.uasset" 457
"../../../Engine/Content/EngineMeshes/Sphere.uexp" 458
"../../../Engine/Plugins/Animation/ControlRig/Content/Controls/ControlRig_Arrow2_1mm.ubulk" 459
"../../../Engine/Plugins/Animation/ControlRig/Content/Controls/ControlRig_Arrow2_1mm.uasset" 460
"../../../Engine/Plugins/Animation/ControlRig/Content/Controls/ControlRig_Arrow2_1mm.uexp" 461
"../../../Engine/Plugins/Animation/ControlRig/Content/Controls/ControlRig_QuarterCircle_solid.ubulk" 462
"../../../Engine/Plugins/Animation/ControlRig/Content/Controls/ControlRig_QuarterCircle_solid.uasset" 463
"../../../Engine/Plugins/Animation/ControlRig/Content/Controls/ControlRig_QuarterCircle_solid.uexp" 464
"../../../Engine/Plugins/Animation/ControlRig/Content/Controls/ControlRig_RoundedSquare_1mm.ubulk" 465
"../../../Engine/Plugins/Animation/ControlRig/Content/Controls/ControlRig_RoundedSquare_1mm.uasset" 466
"../../../Engine/Plugins/Animation/ControlRig/Content/Controls/ControlRig_RoundedSquare_1mm.uexp" 467
"../../../Engine/Plugins/Animation/ControlRig/Content/Controls/ControlRig_Arrow2_3mm.ubulk" 468
"../../../Engine/Plugins/Animation/ControlRig/Content/Controls/ControlRig_Arrow2_3mm.uasset" 469
"../../../Engine/Plugins/Animation/ControlRig/Content/Controls/ControlRig_Arrow2_3mm.uexp" 470
"../../../Engine/Plugins/Animation/ControlRig/Content/Controls/ControlRig_RoundedSquare_3mm.ubulk" 471
"../../../Engine/Plugins/Animation/ControlRig/Content/Controls/ControlRig_RoundedSquare_3mm.uasset" 472
"../../../Engine/Plugins/Animation/ControlRig/Content/Controls/ControlRig_RoundedSquare_3mm.uexp" 473
"../../../Engine/Plugins/Animation/ControlRig/Content/Controls/ControlRig_Arrow2_solid.ubulk" 474
"../../../Engine/Plugins/Animation/ControlRig/Content/Controls/ControlRig_Arrow2_solid.uasset" 475
"../../../Engine/Plugins/Animation/ControlRig/Content/Controls/ControlRig_Arrow2_solid.uexp" 476
"../../../Engine/Plugins/Animation/ControlRig/Content/Controls/ControlRig_RoundedSquare_solid.ubulk" 477
"../../../Engine/Plugins/Animation/ControlRig/Content/Controls/ControlRig_RoundedSquare_solid.uasset" 478
"../../../Engine/Plugins/Animation/ControlRig/Content/Controls/ControlRig_RoundedSquare_solid.uexp" 479
"../../../Engine/Plugins/Animation/ControlRig/Content/Controls/ControlRig_Arrow4_1mm.ubulk" 480
"../../../Engine/Plugins/Animation/ControlRig/Content/Controls/ControlRig_Arrow4_1mm.uasset" 481
"../../../Engine/Plugins/Animation/ControlRig/Content/Controls/ControlRig_Arrow4_1mm.uexp" 482
"../../../Engine/Plugins/Animation/ControlRig/Content/Controls/ControlRig_RoundedTriangle_1mm.ubulk" 483
"../../../Engine/Plugins/Animation/ControlRig/Content/Controls/ControlRig_RoundedTriangle_1mm.uasset" 484
"../../../Engine/Plugins/Animation/ControlRig/Content/Controls/ControlRig_RoundedTriangle_1mm.uexp" 485
"../../../Engine/Plugins/Animation/ControlRig/Content/Controls/ControlRig_Arrow4_3mm.ubulk" 486
"../../../Engine/Plugins/Animation/ControlRig/Content/Controls/ControlRig_Arrow4_3mm.uasset" 487
"../../../Engine/Plugins/Animation/ControlRig/Content/Controls/ControlRig_Arrow4_3mm.uexp" 488
"../../../Engine/Plugins/Animation/ControlRig/Content/Controls/ControlRig_RoundedTriangle_3mm.ubulk" 489
"../../../Engine/Plugins/Animation/ControlRig/Content/Controls/ControlRig_RoundedTriangle_3mm.uasset" 490
"../../../Engine/Plugins/Animation/ControlRig/Content/Controls/ControlRig_RoundedTriangle_3mm.uexp" 491
"../../../Engine/Plugins/Animation/ControlRig/Content/Controls/ControlRig_Arrow4_solid.ubulk" 492
"../../../Engine/Plugins/Animation/ControlRig/Content/Controls/ControlRig_Arrow4_solid.uasset" 493
"../../../Engine/Plugins/Animation/ControlRig/Content/Controls/ControlRig_Arrow4_solid.uexp" 494
"../../../Engine/Plugins/Animation/ControlRig/Content/Controls/ControlRig_Arrow_1mm.ubulk" 495
"../../../Engine/Plugins/Animation/ControlRig/Content/Controls/ControlRig_Arrow_1mm.uasset" 496
"../../../Engine/Plugins/Animation/ControlRig/Content/Controls/ControlRig_Arrow_1mm.uexp" 497
"../../../Engine/Plugins/Animation/ControlRig/Content/Controls/ControlRig_RoundedTriangle_solid.ubulk" 498
"../../../Engine/Plugins/Animation/ControlRig/Content/Controls/ControlRig_RoundedTriangle_solid.uasset" 499
"../../../Engine/Plugins/Animation/ControlRig/Content/Controls/ControlRig_RoundedTriangle_solid.uexp" 500
"../../../Engine/Plugins/Animation/ControlRig/Content/Controls/ControlRig_Arrow_3mm.ubulk" 501
"../../../Engine/Plugins/Animation/ControlRig/Content/Controls/ControlRig_Arrow_3mm.uasset" 502
"../../../Engine/Plugins/Animation/ControlRig/Content/Controls/ControlRig_Arrow_3mm.uexp" 503
"../../../Engine/Plugins/Animation/ControlRig/Content/Controls/ControlRig_Sphere_1mm.ubulk" 504
"../../../Engine/Plugins/Animation/ControlRig/Content/Controls/ControlRig_Sphere_1mm.uasset" 505
"../../../Engine/Plugins/Animation/ControlRig/Content/Controls/ControlRig_Sphere_1mm.uexp" 506
"../../../Engine/Plugins/Animation/ControlRig/Content/Controls/ControlRig_Arrow_solid.ubulk" 507
"../../../Engine/Plugins/Animation/ControlRig/Content/Controls/ControlRig_Arrow_solid.uasset" 508
"../../../Engine/Plugins/Animation/ControlRig/Content/Controls/ControlRig_Arrow_solid.uexp" 509
"../../../Engine/Plugins/Animation/ControlRig/Content/Controls/ControlRig_Sphere_3mm.ubulk" 510
"../../../Engine/Plugins/Animation/ControlRig/Content/Controls/ControlRig_Sphere_3mm.uasset" 511
"../../../Engine/Plugins/Animation/ControlRig/Content/Controls/ControlRig_Sphere_3mm.uexp" 512
"../../../Engine/Plugins/Animation/ControlRig/Content/Controls/ControlRig_Sphere_solid.ubulk" 513
"../../../Engine/Plugins/Animation/ControlRig/Content/Controls/ControlRig_Sphere_solid.uasset" 514
"../../../Engine/Plugins/Animation/ControlRig/Content/Controls/ControlRig_Sphere_solid.uexp" 515
"../../../Engine/Plugins/Animation/ControlRig/Content/Controls/ControlRig_Square_1mm.ubulk" 516
"../../../Engine/Plugins/Animation/ControlRig/Content/Controls/ControlRig_Square_1mm.uasset" 517
"../../../Engine/Plugins/Animation/ControlRig/Content/Controls/ControlRig_Square_1mm.uexp" 518
"../../../Engine/Content/Functions/Engine_MaterialFunctions02/Utility/VectorLength.uasset" 519
"../../../Engine/Content/Functions/Engine_MaterialFunctions02/Utility/VectorLength.uexp" 520
"../../../Engine/Content/Functions/Engine_MaterialFunctions02/WorldPositionOffset/ObjectScale.uasset" 521
"../../../Engine/Content/Functions/Engine_MaterialFunctions02/WorldPositionOffset/ObjectScale.uexp" 522
"../../../Engine/Plugins/Editor/SpeedTreeImporter/Content/SpeedTree9/Empty.uasset" 523
"../../../Engine/Plugins/Editor/SpeedTreeImporter/Content/SpeedTree9/Empty.uexp" 524
"../../../Engine/Plugins/Editor/SpeedTreeImporter/Content/SpeedTree9/EmptyNormal.uasset" 525
"../../../Engine/Plugins/Editor/SpeedTreeImporter/Content/SpeedTree9/EmptyNormal.uexp" 526
"../../../Engine/Plugins/Editor/SpeedTreeImporter/Content/SpeedTree9/game_wind_noise.ubulk" 527
"../../../Engine/Plugins/Editor/SpeedTreeImporter/Content/SpeedTree9/game_wind_noise.uasset" 528
"../../../Engine/Plugins/Editor/SpeedTreeImporter/Content/SpeedTree9/game_wind_noise.uexp" 529
"../../../Engine/Plugins/Editor/SpeedTreeImporter/Content/SpeedTree9/SpeedTreeBillboard.uasset" 530
"../../../Engine/Plugins/Editor/SpeedTreeImporter/Content/SpeedTree9/SpeedTreeBillboard.uexp" 531
"../../../Engine/Content/Functions/Engine_MaterialFunctions02/SafeNormalize.uasset" 532
"../../../Engine/Content/Functions/Engine_MaterialFunctions02/SafeNormalize.uexp" 533
"../../../Engine/Plugins/Editor/SpeedTreeImporter/Content/SpeedTree9/SpeedTreeWindMotion.uasset" 534
"../../../Engine/Plugins/Editor/SpeedTreeImporter/Content/SpeedTree9/SpeedTreeWindMotion.uexp" 535
"../../../Engine/Plugins/Editor/SpeedTreeImporter/Content/SpeedTree9/UnpackDirection.uasset" 536
"../../../Engine/Plugins/Editor/SpeedTreeImporter/Content/SpeedTree9/UnpackDirection.uexp" 537
"../../../Engine/Plugins/Editor/SpeedTreeImporter/Content/SpeedTree9/UnpackInteger3.uasset" 538
"../../../Engine/Plugins/Editor/SpeedTreeImporter/Content/SpeedTree9/UnpackInteger3.uexp" 539
"../../../Engine/Plugins/Editor/SpeedTreeImporter/Content/SpeedTree9/SpeedTreeBranchMotion.uasset" 540
"../../../Engine/Plugins/Editor/SpeedTreeImporter/Content/SpeedTree9/SpeedTreeBranchMotion.uexp" 541
"../../../Engine/Content/Functions/Engine_MaterialFunctions02/ObjectLocalBounds.uasset" 542
"../../../Engine/Content/Functions/Engine_MaterialFunctions02/ObjectLocalBounds.uexp" 543
"../../../Engine/Content/Functions/Engine_MaterialFunctions02/UVs/BoundingBoxBased_0-1_UVW.uasset" 544
"../../../Engine/Content/Functions/Engine_MaterialFunctions02/UVs/BoundingBoxBased_0-1_UVW.uexp" 545
"../../../Engine/Plugins/Editor/SpeedTreeImporter/Content/SpeedTree9/SpeedTreeWind.uasset" 546
"../../../Engine/Plugins/Editor/SpeedTreeImporter/Content/SpeedTree9/SpeedTreeWind.uexp" 547
"../../../Engine/Plugins/Editor/SpeedTreeImporter/Content/SpeedTree9/SpeedTreeBillboardMaster.uasset" 548
"../../../Engine/Plugins/Editor/SpeedTreeImporter/Content/SpeedTree9/SpeedTreeBillboardMaster.uexp" 549
"../../../Engine/Plugins/Animation/ControlRig/Content/Controls/ControlRig_Square_3mm.ubulk" 550
"../../../Engine/Plugins/Animation/ControlRig/Content/Controls/ControlRig_Square_3mm.uasset" 551
"../../../Engine/Plugins/Animation/ControlRig/Content/Controls/ControlRig_Square_3mm.uexp" 552
"../../../Engine/Plugins/Editor/SpeedTreeImporter/Content/SpeedTree9/SpeedTreeCameraFacing.uasset" 553
"../../../Engine/Plugins/Editor/SpeedTreeImporter/Content/SpeedTree9/SpeedTreeCameraFacing.uexp" 554
"../../../Engine/Plugins/Editor/SpeedTreeImporter/Content/SpeedTree9/SpeedTreeMaster.uasset" 555
"../../../Engine/Plugins/Editor/SpeedTreeImporter/Content/SpeedTree9/SpeedTreeMaster.uexp" 556
"../../../Engine/Plugins/Animation/ControlRig/Content/Controls/ControlRig_Square_solid.ubulk" 557
"../../../Engine/Plugins/Animation/ControlRig/Content/Controls/ControlRig_Square_solid.uasset" 558
"../../../Engine/Plugins/Animation/ControlRig/Content/Controls/ControlRig_Square_solid.uexp" 559
"../../../Engine/Plugins/Animation/ControlRig/Content/Controls/ControlRig_Star4_1mm.ubulk" 560
"../../../Engine/Plugins/Animation/ControlRig/Content/Controls/ControlRig_Star4_1mm.uasset" 561
"../../../Engine/Plugins/Animation/ControlRig/Content/Controls/ControlRig_Star4_1mm.uexp" 562
"../../../Engine/Plugins/Animation/ControlRig/Content/Controls/ControlRig_Star4_3mm.ubulk" 563
"../../../Engine/Plugins/Animation/ControlRig/Content/Controls/ControlRig_Star4_3mm.uasset" 564
"../../../Engine/Plugins/Animation/ControlRig/Content/Controls/ControlRig_Star4_3mm.uexp" 565
"../../../Engine/Plugins/Animation/ControlRig/Content/Controls/ControlRig_Star4_solid.ubulk" 566
"../../../Engine/Plugins/Animation/ControlRig/Content/Controls/ControlRig_Star4_solid.uasset" 567
"../../../Engine/Plugins/Animation/ControlRig/Content/Controls/ControlRig_Star4_solid.uexp" 568
"../../../Engine/Plugins/Animation/ControlRig/Content/Controls/ControlRig_Triangle_1mm.ubulk" 569
"../../../Engine/Plugins/Animation/ControlRig/Content/Controls/ControlRig_Triangle_1mm.uasset" 570
"../../../Engine/Plugins/Animation/ControlRig/Content/Controls/ControlRig_Triangle_1mm.uexp" 571
"../../../Engine/Plugins/Animation/ControlRig/Content/Controls/ControlRig_Triangle_3mm.ubulk" 572
"../../../Engine/Plugins/Animation/ControlRig/Content/Controls/ControlRig_Triangle_3mm.uasset" 573
"../../../Engine/Plugins/Animation/ControlRig/Content/Controls/ControlRig_Triangle_3mm.uexp" 574
"../../../Engine/Plugins/Animation/ControlRig/Content/Controls/ControlRig_Triangle_solid.ubulk" 575
"../../../Engine/Plugins/Animation/ControlRig/Content/Controls/ControlRig_Triangle_solid.uasset" 576
"../../../Engine/Plugins/Animation/ControlRig/Content/Controls/ControlRig_Triangle_solid.uexp" 577
"../../../Engine/Plugins/Animation/ControlRig/Content/Controls/ControlRig_Wedge_1mm.ubulk" 578
"../../../Engine/Plugins/Animation/ControlRig/Content/Controls/ControlRig_Wedge_1mm.uasset" 579
"../../../Engine/Plugins/Animation/ControlRig/Content/Controls/ControlRig_Wedge_1mm.uexp" 580
"../../../Engine/Plugins/Animation/ControlRig/Content/Controls/ControlRig_Wedge_3mm.ubulk" 581
"../../../Engine/Plugins/Animation/ControlRig/Content/Controls/ControlRig_Wedge_3mm.uasset" 582
"../../../Engine/Plugins/Animation/ControlRig/Content/Controls/ControlRig_Wedge_3mm.uexp" 583
"../../../Engine/Plugins/Animation/ControlRig/Content/Controls/ControlRig_Wedge_solid.ubulk" 584
"../../../Engine/Plugins/Animation/ControlRig/Content/Controls/ControlRig_Wedge_solid.uasset" 585
"../../../Engine/Plugins/Animation/ControlRig/Content/Controls/ControlRig_Wedge_solid.uexp" 586
"../../../Engine/Plugins/Interchange/Assets/Content/Functions/MX_AbsorptionVDF.uasset" 587
"../../../Engine/Plugins/Interchange/Assets/Content/Functions/MX_AbsorptionVDF.uexp" 588
"../../../Engine/Plugins/Interchange/Assets/Content/Functions/MX_AnisotropicVDF.uasset" 589
"../../../Engine/Plugins/Interchange/Assets/Content/Functions/MX_AnisotropicVDF.uexp" 590
"../../../Engine/Plugins/Interchange/Assets/Content/Functions/MX_BurleyDiffuseBSDF.uasset" 591
"../../../Engine/Plugins/Interchange/Assets/Content/Functions/MX_BurleyDiffuseBSDF.uexp" 592
"../../../Engine/Plugins/Interchange/Assets/Content/Functions/MX_ChiangHairBSDF.uasset" 593
"../../../Engine/Plugins/Interchange/Assets/Content/Functions/MX_ChiangHairBSDF.uexp" 594
"../../../Engine/Plugins/Interchange/Assets/Content/Functions/MX_SubsurfaceBSDF.uasset" 595
"../../../Engine/Plugins/Interchange/Assets/Content/Functions/MX_SubsurfaceBSDF.uexp" 596
"../../../Engine/Plugins/Interchange/Assets/Content/Functions/MX_Surface.uasset" 597
"../../../Engine/Plugins/Interchange/Assets/Content/Functions/MX_Surface.uexp" 598
"../../../Engine/Plugins/Interchange/Assets/Content/Functions/MX_SurfaceUnlit.uasset" 599
"../../../Engine/Plugins/Interchange/Assets/Content/Functions/MX_SurfaceUnlit.uexp" 600
"../../../Engine/Plugins/Interchange/Assets/Content/Functions/MX_ConductorBSDF.uasset" 601
"../../../Engine/Plugins/Interchange/Assets/Content/Functions/MX_ConductorBSDF.uexp" 602
"../../../Engine/Plugins/Interchange/Assets/Content/Functions/MX_ConicalEDF.uasset" 603
"../../../Engine/Plugins/Interchange/Assets/Content/Functions/MX_ConicalEDF.uexp" 604
"../../../Engine/Plugins/Interchange/Assets/Content/Functions/MX_TranslucentBSDF.uasset" 605
"../../../Engine/Plugins/Interchange/Assets/Content/Functions/MX_TranslucentBSDF.uexp" 606
"../../../Engine/Plugins/Interchange/Assets/Content/Functions/MX_DielectricBSDF.uasset" 607
"../../../Engine/Plugins/Interchange/Assets/Content/Functions/MX_DielectricBSDF.uexp" 608
"../../../Engine/Plugins/Interchange/Assets/Content/Functions/MX_Displacement.uasset" 609
"../../../Engine/Plugins/Interchange/Assets/Content/Functions/MX_Displacement.uexp" 610
"../../../Engine/Plugins/Interchange/Assets/Content/Functions/MX_UniformEDF.uasset" 611
"../../../Engine/Plugins/Interchange/Assets/Content/Functions/MX_UniformEDF.uexp" 612
"../../../Engine/Plugins/Interchange/Assets/Content/Functions/MX_GeneralizedSchlickBSDF.uasset" 613
"../../../Engine/Plugins/Interchange/Assets/Content/Functions/MX_GeneralizedSchlickBSDF.uexp" 614
"../../../Engine/Plugins/Interchange/Assets/Content/Functions/MX_UsdPreviewSurface.uasset" 615
"../../../Engine/Plugins/Interchange/Assets/Content/Functions/MX_UsdPreviewSurface.uexp" 616
"../../../Engine/Plugins/Experimental/MeshModelingToolsetExp/Content/Materials/GetDisplacementVectorForDepthBias.uasset" 617
"../../../Engine/Plugins/Experimental/MeshModelingToolsetExp/Content/Materials/GetDisplacementVectorForDepthBias.uexp" 618
"../../../Engine/Content/Functions/Engine_MaterialFunctions03/Viewport/MF_OrthoWidth.uasset" 619
"../../../Engine/Content/Functions/Engine_MaterialFunctions03/Viewport/MF_OrthoWidth.uexp" 620
"../../../Engine/Content/Functions/Engine_MaterialFunctions02/Utility/FOV.uasset" 621
"../../../Engine/Content/Functions/Engine_MaterialFunctions02/Utility/FOV.uexp" 622
"../../../Engine/Content/Functions/Engine_MaterialFunctions02/WorldPositionOffset/V2/ObjectScale.uasset" 623
"../../../Engine/Content/Functions/Engine_MaterialFunctions02/WorldPositionOffset/V2/ObjectScale.uexp" 624
"../../../Engine/Plugins/Experimental/MeshModelingToolsetExp/Content/Materials/PointSetOverlaidComponentMaterial.uasset" 625
"../../../Engine/Plugins/Experimental/MeshModelingToolsetExp/Content/Materials/PointSetOverlaidComponentMaterial.uexp" 626
"../../../Engine/Plugins/Interchange/Assets/Content/Functions/MX_MeasuredEDF.uasset" 627
"../../../Engine/Plugins/Interchange/Assets/Content/Functions/MX_MeasuredEDF.uexp" 628
"../../../Engine/Plugins/Interchange/Assets/Content/Functions/MF_IridescenceNoLUT.uasset" 629
"../../../Engine/Plugins/Interchange/Assets/Content/Functions/MF_IridescenceNoLUT.uexp" 630
"../../../Engine/Plugins/Interchange/Assets/Content/Functions/MX_StandardSurface.uasset" 631
"../../../Engine/Plugins/Interchange/Assets/Content/Functions/MX_StandardSurface.uexp" 632
"../../../Engine/Plugins/Interchange/Assets/Content/Functions/MX_OpenPBR_Opaque.uasset" 633
"../../../Engine/Plugins/Interchange/Assets/Content/Functions/MX_OpenPBR_Opaque.uexp" 634
"../../../Engine/Plugins/Interchange/Assets/Content/Functions/MX_TransmissionSurface.uasset" 635
"../../../Engine/Plugins/Interchange/Assets/Content/Functions/MX_TransmissionSurface.uexp" 636
"../../../Engine/Plugins/Interchange/Assets/Content/Functions/MX_OpenPBR_Translucent.uasset" 637
"../../../Engine/Plugins/Interchange/Assets/Content/Functions/MX_OpenPBR_Translucent.uexp" 638
"../../../Engine/Plugins/Interchange/Assets/Content/Functions/MX_OrenNayarBSDF.uasset" 639
"../../../Engine/Plugins/Interchange/Assets/Content/Functions/MX_OrenNayarBSDF.uexp" 640
"../../../Engine/Plugins/Interchange/Assets/Content/Functions/MX_SheenBSDF.uasset" 641
"../../../Engine/Plugins/Interchange/Assets/Content/Functions/MX_SheenBSDF.uexp" 642
"../../../Engine/Content/EditorMaterials/ParticleSystems/PSysThumbnail_NoImage.ubulk" 643
"../../../Engine/Content/EditorMaterials/ParticleSystems/PSysThumbnail_NoImage.uasset" 644
"../../../Engine/Content/EditorMaterials/ParticleSystems/PSysThumbnail_NoImage.uexp" 645
"../../../Engine/Content/EditorMaterials/ParticleSystems/PSysThumbnail_OOD.ubulk" 646
"../../../Engine/Content/EditorMaterials/ParticleSystems/PSysThumbnail_OOD.uasset" 647
"../../../Engine/Content/EditorMaterials/ParticleSystems/PSysThumbnail_OOD.uexp" 648
"../../../Engine/Content/EditorMaterials/Dataflow/DataflowTwoSidedVertexMaterial.uasset" 649
"../../../Engine/Content/EditorMaterials/Dataflow/DataflowTwoSidedVertexMaterial.uexp" 650
"../../../Engine/Content/EditorMaterials/Dataflow/DataflowVertexMaterial.uasset" 651
"../../../Engine/Content/EditorMaterials/Dataflow/DataflowVertexMaterial.uexp" 652
"../../../Engine/Content/EditorMaterials/Camera/CineMat.uasset" 653
"../../../Engine/Content/EditorMaterials/Camera/CineMat.uexp" 654
"../../../Engine/Content/EditorMaterials/Camera/MI_CineMat_Rig.uasset" 655
"../../../Engine/Content/EditorMaterials/Camera/MI_CineMat_Rig.uexp" 656
"../../../Engine/Content/EditorMeshes/Camera/SM_CraneRig_Arm.ubulk" 657
"../../../Engine/Content/EditorMeshes/Camera/SM_CraneRig_Arm.uasset" 658
"../../../Engine/Content/EditorMeshes/Camera/SM_CraneRig_Arm.uexp" 659
"../../../Engine/Content/EditorMeshes/Camera/SM_CraneRig_Base.ubulk" 660
"../../../Engine/Content/EditorMeshes/Camera/SM_CraneRig_Base.uasset" 661
"../../../Engine/Content/EditorMeshes/Camera/SM_CraneRig_Base.uexp" 662
"../../../Engine/Content/EditorMeshes/Camera/SM_CraneRig_Body.ubulk" 663
"../../../Engine/Content/EditorMeshes/Camera/SM_CraneRig_Body.uasset" 664
"../../../Engine/Content/EditorMeshes/Camera/SM_CraneRig_Body.uexp" 665
"../../../Engine/Content/EditorMeshes/Camera/SM_CraneRig_Mount.ubulk" 666
"../../../Engine/Content/EditorMeshes/Camera/SM_CraneRig_Mount.uasset" 667
"../../../Engine/Content/EditorMeshes/Camera/SM_CraneRig_Mount.uexp" 668
"../../../Engine/Content/EditorMeshes/Camera/SM_RailRig_Mount.ubulk" 669
"../../../Engine/Content/EditorMeshes/Camera/SM_RailRig_Mount.uasset" 670
"../../../Engine/Content/EditorMeshes/Camera/SM_RailRig_Mount.uexp" 671
"../../../Engine/Plugins/Interchange/Assets/Content/Substrate/MX_SimpleVolume.uasset" 672
"../../../Engine/Plugins/Interchange/Assets/Content/Substrate/MX_SimpleVolume.uexp" 673
"../../../Engine/Content/EditorMeshes/Camera/SM_RailRig_Track.ubulk" 674
"../../../Engine/Content/EditorMeshes/Camera/SM_RailRig_Track.uasset" 675
"../../../Engine/Content/EditorMeshes/Camera/SM_RailRig_Track.uexp" 676
"../../../Engine/Plugins/Runtime/AudioWidgets/Content/Resources/ScrubHandleDown_Clamped.uasset" 677
"../../../Engine/Plugins/Runtime/AudioWidgets/Content/Resources/ScrubHandleDown_Clamped.uexp" 678
"../../../Engine/Plugins/Runtime/HairStrands/Content/Materials/HairCardsDefaultMaterial.uasset" 679
"../../../Engine/Plugins/Runtime/HairStrands/Content/Materials/HairCardsDefaultMaterial.uexp" 680
"../../../Engine/Content/Functions/Engine_MaterialFunctions02/Utility/MakeFloat2.uasset" 681
"../../../Engine/Content/Functions/Engine_MaterialFunctions02/Utility/MakeFloat2.uexp" 682
"../../../Engine/Content/EngineMaterials/HairColorMap.uasset" 683
"../../../Engine/Content/EngineMaterials/HairColorMap.uexp" 684
"../../../Engine/Content/EngineMaterials/HairDebugColor.uasset" 685
"../../../Engine/Content/EngineMaterials/HairDebugColor.uexp" 686
"../../../Engine/Plugins/Runtime/HairStrands/Content/Materials/HairGroupColors.uasset" 687
"../../../Engine/Plugins/Runtime/HairStrands/Content/Materials/HairGroupColors.uexp" 688
"../../../Engine/Plugins/Runtime/HairStrands/Content/Materials/HairDebugMaterial.uasset" 689
"../../../Engine/Plugins/Runtime/HairStrands/Content/Materials/HairDebugMaterial.uexp" 690
"../../../Engine/Content/EngineMaterials/EnergyConservation/GGX_TransmissionEnergyArray.uasset" 691
"../../../Engine/Content/EngineMaterials/EnergyConservation/GGX_TransmissionEnergyArray.uexp" 692
"../../../Engine/Plugins/Runtime/HairStrands/Content/Materials/HairDefaultMaterial.uasset" 693
"../../../Engine/Plugins/Runtime/HairStrands/Content/Materials/HairDefaultMaterial.uexp" 694
"../../../Engine/Content/EditorResources/SequenceRecorder/Countdown.uasset" 695
"../../../Engine/Content/EditorResources/SequenceRecorder/Countdown.uexp" 696
"../../../Engine/Content/EditorResources/SequenceRecorder/RecordingIndicator.uasset" 697
"../../../Engine/Content/EditorResources/SequenceRecorder/RecordingIndicator.uexp" 698
"../../../Engine/Content/EngineMaterials/EnergyConservation/SheenLegacy_Energy.uasset" 699
"../../../Engine/Content/EngineMaterials/EnergyConservation/SheenLegacy_Energy.uexp" 700
"../../../Engine/Plugins/Runtime/HairStrands/Content/Materials/HairMeshesDefaultMaterial.uasset" 701
"../../../Engine/Plugins/Runtime/HairStrands/Content/Materials/HairMeshesDefaultMaterial.uexp" 702
"../../../Engine/Content/EngineMaterials/EnergyConservation/Sheen_Energy.uasset" 703
"../../../Engine/Content/EngineMaterials/EnergyConservation/Sheen_Energy.uexp" 704
"../../../Engine/Content/EngineMaterials/LTC/GGX_LTCAmp.uasset" 705
"../../../Engine/Content/EngineMaterials/LTC/GGX_LTCAmp.uexp" 706
"../../../Engine/Content/EngineMaterials/LTC/GGX_LTCMat.uasset" 707
"../../../Engine/Content/EngineMaterials/LTC/GGX_LTCMat.uexp" 708
"../../../Engine/Content/EngineMaterials/LTC/Sheen_LTC.uasset" 709
"../../../Engine/Content/EngineMaterials/LTC/Sheen_LTC.uexp" 710
"../../../Engine/Content/EngineResources/Development/ZenLogo_64.uasset" 711
"../../../Engine/Content/EngineResources/Development/ZenLogo_64.uexp" 712
"../../../Engine/Content/EngineResources/FilmGrains/Marcie_Grain_v3_128_M2_000.uasset" 713
"../../../Engine/Content/EngineResources/FilmGrains/Marcie_Grain_v3_128_M2_000.uexp" 714
"../../../Engine/Content/Functions/Engine_MaterialFunctions02/Utility/BreakOutFloat4Components.uasset" 715
"../../../Engine/Content/Functions/Engine_MaterialFunctions02/Utility/BreakOutFloat4Components.uexp" 716
"../../../Engine/Content/Functions/Engine_MaterialFunctions02/Utility/MakeFloat4.uasset" 717
"../../../Engine/Content/Functions/Engine_MaterialFunctions02/Utility/MakeFloat4.uexp" 718
"../../../Engine/Content/EngineResources/DefaultVolumeTexture2D.uasset" 719
"../../../Engine/Content/EngineResources/DefaultVolumeTexture2D.uexp" 720
"../../../Engine/Content/EngineResources/DefaultVolumeTexture.uasset" 721
"../../../Engine/Content/EngineResources/DefaultVolumeTexture.uexp" 722
"../../../Engine/Content/EngineSky/VolumetricClouds/VT_Lightning.uasset" 723
"../../../Engine/Content/EngineSky/VolumetricClouds/VT_Lightning.uexp" 724
"../../../Engine/Content/Functions/Engine_MaterialFunctions01/Units/Km-to-Cm.uasset" 725
"../../../Engine/Content/Functions/Engine_MaterialFunctions01/Units/Km-to-Cm.uexp" 726
"../../../Engine/Content/EngineSky/VolumetricClouds/m_SimpleVolumetricCloud.uasset" 727
"../../../Engine/Content/EngineSky/VolumetricClouds/m_SimpleVolumetricCloud.uexp" 728
"../../../Engine/Content/EngineSky/VolumetricClouds/T_CloudMask.ubulk" 729
"../../../Engine/Content/EngineSky/VolumetricClouds/T_CloudMask.uasset" 730
"../../../Engine/Content/EngineSky/VolumetricClouds/T_CloudMask.uexp" 731
"../../../Engine/Content/EngineSky/VolumetricClouds/T_CloudPattern.ubulk" 732
"../../../Engine/Content/EngineSky/VolumetricClouds/T_CloudPattern.uasset" 733
"../../../Engine/Content/EngineSky/VolumetricClouds/T_CloudPattern.uexp" 734
"../../../Engine/Content/EngineSky/VolumetricClouds/T_Profile_08.ubulk" 735
"../../../Engine/Content/EngineSky/VolumetricClouds/T_Profile_08.uasset" 736
"../../../Engine/Content/EngineSky/VolumetricClouds/T_Profile_08.uexp" 737
"../../../Engine/Content/EngineSky/VolumetricClouds/VT_PerlinWorley_Balanced.uasset" 738
"../../../Engine/Content/EngineSky/VolumetricClouds/VT_PerlinWorley_Balanced.uexp" 739
"../../../Engine/Content/EngineSky/VolumetricClouds/m_SimpleVolumetricCloud_Inst.uasset" 740
"../../../Engine/Content/EngineSky/VolumetricClouds/m_SimpleVolumetricCloud_Inst.uexp" 741
"../../../Engine/Content/EngineMaterials/EnergyConservation/Diffuse_Energy.uasset" 742
"../../../Engine/Content/EngineMaterials/EnergyConservation/Diffuse_Energy.uexp" 743
"../../../Engine/Content/EngineMaterials/EnergyConservation/GGX_ReflectionEnergy.uasset" 744
"../../../Engine/Content/EngineMaterials/EnergyConservation/GGX_ReflectionEnergy.uexp" 745
"../../../Engine/Content/EngineMaterials/BlendFunc_DefBase.uasset" 746
"../../../Engine/Content/EngineMaterials/BlendFunc_DefBase.uexp" 747
"../../../Engine/Content/EngineMaterials/BlendFunc_DefBlend.uasset" 748
"../../../Engine/Content/EngineMaterials/BlendFunc_DefBlend.uexp" 749
"../../../Engine/Content/Functions/Engine_MaterialFunctions03/Blends/Blend_Overlay.uasset" 750
"../../../Engine/Content/Functions/Engine_MaterialFunctions03/Blends/Blend_Overlay.uexp" 751
"../../../Engine/Content/Functions/Engine_MaterialFunctions01/Gradient/LinearGradient.uasset" 752
"../../../Engine/Content/Functions/Engine_MaterialFunctions01/Gradient/LinearGradient.uexp" 753
"../../../Engine/Content/Functions/Engine_MaterialFunctions01/ImageAdjustment/CheapContrast.uasset" 754
"../../../Engine/Content/Functions/Engine_MaterialFunctions01/ImageAdjustment/CheapContrast.uexp" 755
"../../../Engine/Content/OpenWorldTemplate/LandscapeMaterial/T_GridChecker_A.ubulk" 756
"../../../Engine/Content/OpenWorldTemplate/LandscapeMaterial/T_GridChecker_A.uasset" 757
"../../../Engine/Content/OpenWorldTemplate/LandscapeMaterial/T_GridChecker_A.uexp" 758
"../../../Engine/Content/OpenWorldTemplate/LandscapeMaterial/MF_ProcGrid.uasset" 759
"../../../Engine/Content/OpenWorldTemplate/LandscapeMaterial/MF_ProcGrid.uexp" 760
"../../../Engine/Content/OpenWorldTemplate/LandscapeMaterial/M_ProcGrid.uasset" 761
"../../../Engine/Content/OpenWorldTemplate/LandscapeMaterial/M_ProcGrid.uexp" 762
"../../../Engine/Content/VREditor/TransformGizmo/BoundingBoxCorner.ubulk" 763
"../../../Engine/Content/VREditor/TransformGizmo/BoundingBoxCorner.uasset" 764
"../../../Engine/Content/VREditor/TransformGizmo/BoundingBoxCorner.uexp" 765
"../../../Engine/Content/VREditor/TransformGizmo/BoundingBoxEdge.ubulk" 766
"../../../Engine/Content/VREditor/TransformGizmo/BoundingBoxEdge.uasset" 767
"../../../Engine/Content/VREditor/TransformGizmo/BoundingBoxEdge.uexp" 768
"../../../Engine/Content/Functions/Engine_MaterialFunctions01/Texturing/FlattenNormal.uasset" 769
"../../../Engine/Content/Functions/Engine_MaterialFunctions01/Texturing/FlattenNormal.uexp" 770
"../../../Engine/Plugins/Interchange/Assets/Content/Utilities/New_LUT.uasset" 771
"../../../Engine/Plugins/Interchange/Assets/Content/Utilities/New_LUT.uexp" 772
"../../../Engine/Content/Functions/Engine_MaterialFunctions03/Math/RemapValueRange.uasset" 773
"../../../Engine/Content/Functions/Engine_MaterialFunctions03/Math/RemapValueRange.uexp" 774
"../../../Engine/Plugins/Interchange/Assets/Content/Functions/MF_Iridescence.uasset" 775
"../../../Engine/Plugins/Interchange/Assets/Content/Functions/MF_Iridescence.uexp" 776
"../../../Engine/Plugins/Interchange/Assets/Content/gltf/Textures/T_White_srgb.uasset" 777
"../../../Engine/Plugins/Interchange/Assets/Content/gltf/Textures/T_White_srgb.uexp" 778
"../../../Engine/Plugins/Interchange/Assets/Content/gltf/MaterialFunctions/MF_BaseColor.uasset" 779
"../../../Engine/Plugins/Interchange/Assets/Content/gltf/MaterialFunctions/MF_BaseColor.uexp" 780
"../../../Engine/Plugins/Interchange/Assets/Content/gltf/MaterialFunctions/MF_RotateNormals_TS.uasset" 781
"../../../Engine/Plugins/Interchange/Assets/Content/gltf/MaterialFunctions/MF_RotateNormals_TS.uexp" 782
"../../../Engine/Plugins/Interchange/Assets/Content/gltf/Textures/T_Generic_N.uasset" 783
"../../../Engine/Plugins/Interchange/Assets/Content/gltf/Textures/T_Generic_N.uexp" 784
"../../../Engine/Plugins/Interchange/Assets/Content/gltf/Textures/T_White_Linear.uasset" 785
"../../../Engine/Plugins/Interchange/Assets/Content/gltf/Textures/T_White_Linear.uexp" 786
"../../../Engine/Plugins/Interchange/Assets/Content/gltf/MaterialFunctions/MF_Clearcoat.uasset" 787
"../../../Engine/Plugins/Interchange/Assets/Content/gltf/MaterialFunctions/MF_Clearcoat.uexp" 788
"../../../Engine/Plugins/Interchange/Assets/Content/gltf/MaterialFunctions/MF_Emissive.uasset" 789
"../../../Engine/Plugins/Interchange/Assets/Content/gltf/MaterialFunctions/MF_Emissive.uexp" 790
"../../../Engine/Plugins/Interchange/Assets/Content/gltf/MaterialFunctions/MF_IOR.uasset" 791
"../../../Engine/Plugins/Interchange/Assets/Content/gltf/MaterialFunctions/MF_IOR.uexp" 792
"../../../Engine/Plugins/Interchange/Assets/Content/gltf/MaterialFunctions/MF_Iridescence.uasset" 793
"../../../Engine/Plugins/Interchange/Assets/Content/gltf/MaterialFunctions/MF_Iridescence.uexp" 794
"../../../Engine/Plugins/Interchange/Assets/Content/gltf/MaterialFunctions/MF_MetallicRoughness.uasset" 795
"../../../Engine/Plugins/Interchange/Assets/Content/gltf/MaterialFunctions/MF_MetallicRoughness.uexp" 796
"../../../Engine/Plugins/Interchange/Assets/Content/gltf/MaterialFunctions/MF_ScaleNormal.uasset" 797
"../../../Engine/Plugins/Interchange/Assets/Content/gltf/MaterialFunctions/MF_ScaleNormal.uexp" 798
"../../../Engine/Plugins/Interchange/Assets/Content/gltf/MaterialFunctions/MF_Normals.uasset" 799
"../../../Engine/Plugins/Interchange/Assets/Content/gltf/MaterialFunctions/MF_Normals.uexp" 800
"../../../Engine/Plugins/Interchange/Assets/Content/gltf/MaterialFunctions/MF_Occlusion.uasset" 801
"../../../Engine/Plugins/Interchange/Assets/Content/gltf/MaterialFunctions/MF_Occlusion.uexp" 802
"../../../Engine/Plugins/Interchange/Assets/Content/gltf/MaterialFunctions/MF_Specular.uasset" 803
"../../../Engine/Plugins/Interchange/Assets/Content/gltf/MaterialFunctions/MF_Specular.uexp" 804
"../../../Engine/Plugins/Interchange/Assets/Content/gltf/Textures/T_Anisotropy_Direction_Linear.uasset" 805
"../../../Engine/Plugins/Interchange/Assets/Content/gltf/Textures/T_Anisotropy_Direction_Linear.uexp" 806
"../../../Engine/Plugins/Interchange/Assets/Content/gltf/MaterialFunctions/MF_SpecularAnisotropy.uasset" 807
"../../../Engine/Plugins/Interchange/Assets/Content/gltf/MaterialFunctions/MF_SpecularAnisotropy.uexp" 808
"../../../Engine/Plugins/Interchange/Assets/Content/gltf/MaterialFunctions/MF_RotateV2.uasset" 809
"../../../Engine/Plugins/Interchange/Assets/Content/gltf/MaterialFunctions/MF_RotateV2.uexp" 810
"../../../Engine/Plugins/Interchange/Assets/Content/gltf/MaterialFunctions/MF_TransformUVs.uasset" 811
"../../../Engine/Plugins/Interchange/Assets/Content/gltf/MaterialFunctions/MF_TransformUVs.uexp" 812
"../../../Engine/Plugins/Interchange/Assets/Content/gltf/MaterialBodies/MF_ClearCoat_Body.uasset" 813
"../../../Engine/Plugins/Interchange/Assets/Content/gltf/MaterialBodies/MF_ClearCoat_Body.uexp" 814
"../../../Engine/Plugins/Interchange/Assets/Content/gltf/M_ClearCoat.uasset" 815
"../../../Engine/Plugins/Interchange/Assets/Content/gltf/M_ClearCoat.uexp" 816
"../../../Engine/Plugins/Interchange/Assets/Content/gltf/MaterialInstances/MI_ClearCoat_Blend.uasset" 817
"../../../Engine/Plugins/Interchange/Assets/Content/gltf/MaterialInstances/MI_ClearCoat_Blend.uexp" 818
"../../../Engine/Plugins/Interchange/Assets/Content/gltf/MaterialInstances/MI_ClearCoat_Blend_DS.uasset" 819
"../../../Engine/Plugins/Interchange/Assets/Content/gltf/MaterialInstances/MI_ClearCoat_Blend_DS.uexp" 820
"../../../Engine/Plugins/Interchange/Assets/Content/gltf/MaterialInstances/MI_ClearCoat_Mask.uasset" 821
"../../../Engine/Plugins/Interchange/Assets/Content/gltf/MaterialInstances/MI_ClearCoat_Mask.uexp" 822
"../../../Engine/Plugins/Interchange/Assets/Content/gltf/MaterialInstances/MI_ClearCoat_Mask_DS.uasset" 823
"../../../Engine/Plugins/Interchange/Assets/Content/gltf/MaterialInstances/MI_ClearCoat_Mask_DS.uexp" 824
"../../../Engine/Plugins/Interchange/Assets/Content/gltf/MaterialInstances/MI_ClearCoat_Opaque.uasset" 825
"../../../Engine/Plugins/Interchange/Assets/Content/gltf/MaterialInstances/MI_ClearCoat_Opaque.uexp" 826
"../../../Engine/Plugins/Interchange/Assets/Content/gltf/MaterialInstances/MI_ClearCoat_Opaque_DS.uasset" 827
"../../../Engine/Plugins/Interchange/Assets/Content/gltf/MaterialInstances/MI_ClearCoat_Opaque_DS.uexp" 828
"../../../Engine/Plugins/Interchange/Assets/Content/gltf/MaterialBodies/MF_Default_Body.uasset" 829
"../../../Engine/Plugins/Interchange/Assets/Content/gltf/MaterialBodies/MF_Default_Body.uexp" 830
"../../../Engine/Plugins/Interchange/Assets/Content/gltf/M_Default.uasset" 831
"../../../Engine/Plugins/Interchange/Assets/Content/gltf/M_Default.uexp" 832
"../../../Engine/Plugins/Interchange/Assets/Content/gltf/MaterialInstances/MI_Default_Blend.uasset" 833
"../../../Engine/Plugins/Interchange/Assets/Content/gltf/MaterialInstances/MI_Default_Blend.uexp" 834
"../../../Engine/Plugins/Interchange/Assets/Content/gltf/MaterialInstances/MI_Default_Blend_DS.uasset" 835
"../../../Engine/Plugins/Interchange/Assets/Content/gltf/MaterialInstances/MI_Default_Blend_DS.uexp" 836
"../../../Engine/Plugins/Interchange/Assets/Content/gltf/MaterialInstances/MI_Default_Mask.uasset" 837
"../../../Engine/Plugins/Interchange/Assets/Content/gltf/MaterialInstances/MI_Default_Mask.uexp" 838
"../../../Engine/Plugins/Interchange/Assets/Content/gltf/MaterialInstances/MI_Default_Mask_DS.uasset" 839
"../../../Engine/Plugins/Interchange/Assets/Content/gltf/MaterialInstances/MI_Default_Mask_DS.uexp" 840
"../../../Engine/Plugins/Interchange/Assets/Content/gltf/MaterialInstances/MI_Default_Opaque.uasset" 841
"../../../Engine/Plugins/Interchange/Assets/Content/gltf/MaterialInstances/MI_Default_Opaque.uexp" 842
"../../../Engine/Plugins/Interchange/Assets/Content/gltf/MaterialInstances/MI_Default_Opaque_DS.uasset" 843
"../../../Engine/Plugins/Interchange/Assets/Content/gltf/MaterialInstances/MI_Default_Opaque_DS.uexp" 844
"../../../Engine/Plugins/Interchange/Assets/Content/gltf/MaterialFunctions/MF_Sheen.uasset" 845
"../../../Engine/Plugins/Interchange/Assets/Content/gltf/MaterialFunctions/MF_Sheen.uexp" 846
"../../../Engine/Plugins/Interchange/Assets/Content/gltf/MaterialBodies/MF_Sheen_Body.uasset" 847
"../../../Engine/Plugins/Interchange/Assets/Content/gltf/MaterialBodies/MF_Sheen_Body.uexp" 848
"../../../Engine/Plugins/Interchange/Assets/Content/gltf/M_Sheen.uasset" 849
"../../../Engine/Plugins/Interchange/Assets/Content/gltf/M_Sheen.uexp" 850
"../../../Engine/Plugins/Interchange/Assets/Content/gltf/MaterialInstances/MI_Sheen_Blend.uasset" 851
"../../../Engine/Plugins/Interchange/Assets/Content/gltf/MaterialInstances/MI_Sheen_Blend.uexp" 852
"../../../Engine/Plugins/Interchange/Assets/Content/gltf/MaterialInstances/MI_Sheen_Blend_DS.uasset" 853
"../../../Engine/Plugins/Interchange/Assets/Content/gltf/MaterialInstances/MI_Sheen_Blend_DS.uexp" 854
"../../../Engine/Plugins/Interchange/Assets/Content/gltf/MaterialInstances/MI_Sheen_Mask.uasset" 855
"../../../Engine/Plugins/Interchange/Assets/Content/gltf/MaterialInstances/MI_Sheen_Mask.uexp" 856
"../../../Engine/Plugins/Interchange/Assets/Content/gltf/MaterialInstances/MI_Sheen_Mask_DS.uasset" 857
"../../../Engine/Plugins/Interchange/Assets/Content/gltf/MaterialInstances/MI_Sheen_Mask_DS.uexp" 858
"../../../Engine/Plugins/Interchange/Assets/Content/gltf/MaterialInstances/MI_Sheen_Opaque.uasset" 859
"../../../Engine/Plugins/Interchange/Assets/Content/gltf/MaterialInstances/MI_Sheen_Opaque.uexp" 860
"../../../Engine/Plugins/Interchange/Assets/Content/gltf/MaterialInstances/MI_Sheen_Opaque_DS.uasset" 861
"../../../Engine/Plugins/Interchange/Assets/Content/gltf/MaterialInstances/MI_Sheen_Opaque_DS.uexp" 862
"../../../Engine/Plugins/Interchange/Assets/Content/gltf/MaterialFunctions/MF_DiffuseSpecGloss.uasset" 863
"../../../Engine/Plugins/Interchange/Assets/Content/gltf/MaterialFunctions/MF_DiffuseSpecGloss.uexp" 864
"../../../Engine/Plugins/Interchange/Assets/Content/gltf/MaterialFunctions/MF_MaxComponentValue.uasset" 865
"../../../Engine/Plugins/Interchange/Assets/Content/gltf/MaterialFunctions/MF_MaxComponentValue.uexp" 866
"../../../Engine/Content/Functions/Engine_MaterialFunctions02/Math/AddComponents.uasset" 867
"../../../Engine/Content/Functions/Engine_MaterialFunctions02/Math/AddComponents.uexp" 868
"../../../Engine/Plugins/Interchange/Assets/Content/gltf/MaterialFunctions/MF_PerceivedBrightness.uasset" 869
"../../../Engine/Plugins/Interchange/Assets/Content/gltf/MaterialFunctions/MF_PerceivedBrightness.uexp" 870
"../../../Engine/Plugins/Interchange/Assets/Content/gltf/MaterialFunctions/MF_SpecGlossToMetalRoughness.uasset" 871
"../../../Engine/Plugins/Interchange/Assets/Content/gltf/MaterialFunctions/MF_SpecGlossToMetalRoughness.uexp" 872
"../../../Engine/Plugins/Interchange/Assets/Content/gltf/MaterialBodies/MF_SpecularGlossiness_Body.uasset" 873
"../../../Engine/Plugins/Interchange/Assets/Content/gltf/MaterialBodies/MF_SpecularGlossiness_Body.uexp" 874
"../../../Engine/Plugins/Interchange/Assets/Content/gltf/M_SpecularGlossiness.uasset" 875
"../../../Engine/Plugins/Interchange/Assets/Content/gltf/M_SpecularGlossiness.uexp" 876
"../../../Engine/Plugins/Interchange/Assets/Content/gltf/MaterialInstances/MI_SpecularGlossiness_Blend.uasset" 877
"../../../Engine/Plugins/Interchange/Assets/Content/gltf/MaterialInstances/MI_SpecularGlossiness_Blend.uexp" 878
"../../../Engine/Plugins/Interchange/Assets/Content/gltf/MaterialInstances/MI_SpecularGlossiness_Blend_DS.uasset" 879
"../../../Engine/Plugins/Interchange/Assets/Content/gltf/MaterialInstances/MI_SpecularGlossiness_Blend_DS.uexp" 880
"../../../Engine/Plugins/Interchange/Assets/Content/gltf/MaterialInstances/MI_SpecularGlossiness_Mask.uasset" 881
"../../../Engine/Plugins/Interchange/Assets/Content/gltf/MaterialInstances/MI_SpecularGlossiness_Mask.uexp" 882
"../../../Engine/Plugins/Interchange/Assets/Content/gltf/MaterialInstances/MI_SpecularGlossiness_Mask_DS.uasset" 883
"../../../Engine/Plugins/Interchange/Assets/Content/gltf/MaterialInstances/MI_SpecularGlossiness_Mask_DS.uexp" 884
"../../../Engine/Content/EngineMaterials/Substrate/GLints/AGlintTex2dArray.uasset" 885
"../../../Engine/Content/EngineMaterials/Substrate/GLints/AGlintTex2dArray.uexp" 886
"../../../Engine/Plugins/Interchange/Assets/Content/gltf/MaterialInstances/MI_SpecularGlossiness_Opaque.uasset" 887
"../../../Engine/Plugins/Interchange/Assets/Content/gltf/MaterialInstances/MI_SpecularGlossiness_Opaque.uexp" 888
"../../../Engine/Plugins/Interchange/Assets/Content/gltf/MaterialInstances/MI_SpecularGlossiness_Opaque_DS.uasset" 889
"../../../Engine/Plugins/Interchange/Assets/Content/gltf/MaterialInstances/MI_SpecularGlossiness_Opaque_DS.uexp" 890
"../../../Engine/Content/EngineMaterials/Good64x64TilingNoiseHighFreq.uasset" 891
"../../../Engine/Content/EngineMaterials/Good64x64TilingNoiseHighFreq.uexp" 892
"../../../Engine/Content/Functions/Engine_MaterialFunctions02/Texturing/ScreenAlignedPixelToPixelUVs.uasset" 893
"../../../Engine/Content/Functions/Engine_MaterialFunctions02/Texturing/ScreenAlignedPixelToPixelUVs.uexp" 894
"../../../Engine/Plugins/Interchange/Assets/Content/gltf/MaterialFunctions/MF_Fresnel_DS.uasset" 895
"../../../Engine/Plugins/Interchange/Assets/Content/gltf/MaterialFunctions/MF_Fresnel_DS.uexp" 896
"../../../Engine/Plugins/Interchange/Assets/Content/gltf/MaterialFunctions/MF_Temporal_Blur.uasset" 897
"../../../Engine/Plugins/Interchange/Assets/Content/gltf/MaterialFunctions/MF_Temporal_Blur.uexp" 898
"../../../Engine/Plugins/Interchange/Assets/Content/gltf/MaterialFunctions/MF_Transmission.uasset" 899
"../../../Engine/Plugins/Interchange/Assets/Content/gltf/MaterialFunctions/MF_Transmission.uexp" 900
"../../../Engine/Plugins/Interchange/Assets/Content/gltf/MaterialBodies/MF_Transmission_Body.uasset" 901
"../../../Engine/Plugins/Interchange/Assets/Content/gltf/MaterialBodies/MF_Transmission_Body.uexp" 902
"../../../Engine/Plugins/Interchange/Assets/Content/gltf/M_Transmission.uasset" 903
"../../../Engine/Plugins/Interchange/Assets/Content/gltf/M_Transmission.uexp" 904
"../../../Engine/Plugins/Interchange/Assets/Content/gltf/MaterialInstances/MI_Transmission.uasset" 905
"../../../Engine/Plugins/Interchange/Assets/Content/gltf/MaterialInstances/MI_Transmission.uexp" 906
"../../../Engine/Plugins/Interchange/Assets/Content/gltf/MaterialInstances/MI_Transmission_DS.uasset" 907
"../../../Engine/Plugins/Interchange/Assets/Content/gltf/MaterialInstances/MI_Transmission_DS.uexp" 908
"../../../Engine/Plugins/Interchange/Assets/Content/gltf/MaterialBodies/MF_Unlit_Body.uasset" 909
"../../../Engine/Plugins/Interchange/Assets/Content/gltf/MaterialBodies/MF_Unlit_Body.uexp" 910
"../../../Engine/Plugins/Interchange/Assets/Content/gltf/M_Unlit.uasset" 911
"../../../Engine/Plugins/Interchange/Assets/Content/gltf/M_Unlit.uexp" 912
"../../../Engine/Plugins/Interchange/Assets/Content/gltf/MaterialInstances/MI_Unlit_Blend.uasset" 913
"../../../Engine/Plugins/Interchange/Assets/Content/gltf/MaterialInstances/MI_Unlit_Blend.uexp" 914
"../../../Engine/Plugins/Interchange/Assets/Content/gltf/MaterialInstances/MI_Unlit_Blend_DS.uasset" 915
"../../../Engine/Plugins/Interchange/Assets/Content/gltf/MaterialInstances/MI_Unlit_Blend_DS.uexp" 916
"../../../Engine/Plugins/Interchange/Assets/Content/gltf/MaterialInstances/MI_Unlit_Mask.uasset" 917
"../../../Engine/Plugins/Interchange/Assets/Content/gltf/MaterialInstances/MI_Unlit_Mask.uexp" 918
"../../../Engine/Plugins/Interchange/Assets/Content/gltf/MaterialInstances/MI_Unlit_Mask_DS.uasset" 919
"../../../Engine/Plugins/Interchange/Assets/Content/gltf/MaterialInstances/MI_Unlit_Mask_DS.uexp" 920
"../../../Engine/Plugins/Interchange/Assets/Content/gltf/MaterialInstances/MI_Unlit_Opaque.uasset" 921
"../../../Engine/Plugins/Interchange/Assets/Content/gltf/MaterialInstances/MI_Unlit_Opaque.uexp" 922
"../../../Engine/Plugins/Interchange/Assets/Content/gltf/MaterialInstances/MI_Unlit_Opaque_DS.uasset" 923
"../../../Engine/Plugins/Interchange/Assets/Content/gltf/MaterialInstances/MI_Unlit_Opaque_DS.uexp" 924
"../../../Engine/Content/EngineMaterials/Substrate/Glints2/AGlintTex2dArray2.uasset" 925
"../../../Engine/Content/EngineMaterials/Substrate/Glints2/AGlintTex2dArray2.uexp" 926
"../../../Engine/Content/Functions/Engine_MaterialFunctions01/Shading/ConvertFromDiffSpec.uasset" 927
"../../../Engine/Content/Functions/Engine_MaterialFunctions01/Shading/ConvertFromDiffSpec.uexp" 928
"../../../Engine/Content/Functions/Engine_MaterialFunctions01/Shading/PowerToRoughness.uasset" 929
"../../../Engine/Content/Functions/Engine_MaterialFunctions01/Shading/PowerToRoughness.uexp" 930
"../../../Engine/Content/EngineMaterials/Substrate/Volume/SubstrateSimpleVolumeEnvLUT3D.uasset" 931
"../../../Engine/Content/EngineMaterials/Substrate/Volume/SubstrateSimpleVolumeEnvLUT3D.uexp" 932
"../../../Engine/Content/ArtTools/RenderToTexture/Meshes/S_1_Unit_Plane.ubulk" 933
"../../../Engine/Content/ArtTools/RenderToTexture/Meshes/S_1_Unit_Plane.uasset" 934
"../../../Engine/Content/ArtTools/RenderToTexture/Meshes/S_1_Unit_Plane.uexp" 935
"../../../Engine/Content/EngineMaterials/Substrate/Volume/SubstrateSimpleVolumeLUT3D.uasset" 936
"../../../Engine/Content/EngineMaterials/Substrate/Volume/SubstrateSimpleVolumeLUT3D.uexp" 937
"../../../Engine/Plugins/2D/Paper2D/Content/DefaultSpriteMaterial.uasset" 938
"../../../Engine/Plugins/2D/Paper2D/Content/DefaultSpriteMaterial.uexp" 939
"../../../Engine/Plugins/2D/Paper2D/Content/MaskedUnlitSpriteMaterial.uasset" 940
"../../../Engine/Plugins/2D/Paper2D/Content/MaskedUnlitSpriteMaterial.uexp" 941
"../../../Engine/Plugins/2D/Paper2D/Content/OpaqueUnlitSpriteMaterial.uasset" 942
"../../../Engine/Plugins/2D/Paper2D/Content/OpaqueUnlitSpriteMaterial.uexp" 943
"../../../Engine/Plugins/Animation/ControlRig/Content/M_Manip.uasset" 944
"../../../Engine/Plugins/Animation/ControlRig/Content/M_Manip.uexp" 945
"../../../Engine/Content/Maps/Entry_BuiltData.uasset" 946
"../../../Engine/Content/Maps/Entry_BuiltData.uexp" 947
"../../../Engine/Content/Maps/Entry.uexp" 948
"../../../Engine/Content/Maps/Entry.umap" 949
"../../../Engine/Content/Maps/Templates/OpenWorld.uexp" 950
"../../../Engine/Content/Maps/Templates/OpenWorld.umap" 951
"C:/Users/Utkarsh Anand/Documents/Unreal Projects/Beyond_The_Cycle/Content/Blueprints/BP_GameManager.uasset" 952
"C:/Users/Utkarsh Anand/Documents/Unreal Projects/Beyond_The_Cycle/Content/Blueprints/BP_GameManager.uexp" 953
"C:/Users/Utkarsh Anand/Documents/Unreal Projects/Beyond_The_Cycle/Content/Widget/Menu/WWYD_Button.uasset" 954
"C:/Users/Utkarsh Anand/Documents/Unreal Projects/Beyond_The_Cycle/Content/Widget/Menu/WWYD_Button.uexp" 955
"C:/Users/Utkarsh Anand/Documents/Unreal Projects/Beyond_The_Cycle/Content/Widget/WID_Button.uasset" 956
"C:/Users/Utkarsh Anand/Documents/Unreal Projects/Beyond_The_Cycle/Content/Widget/WID_Button.uexp" 957
"C:/Users/Utkarsh Anand/Documents/Unreal Projects/Beyond_The_Cycle/Content/Font/GamjaFlower-Regular.uexp" 958
"C:/Users/Utkarsh Anand/Documents/Unreal Projects/Beyond_The_Cycle/Content/Font/GamjaFlower-Regular.uasset" 959
"C:/Users/Utkarsh Anand/Documents/Unreal Projects/Beyond_The_Cycle/Content/Font/GamjaFlower-Regular.ufont" 960
"C:/Users/Utkarsh Anand/Documents/Unreal Projects/Beyond_The_Cycle/Content/Font/GamjaFlower-Regular_Font.uasset" 961
"C:/Users/Utkarsh Anand/Documents/Unreal Projects/Beyond_The_Cycle/Content/Font/GamjaFlower-Regular_Font.uexp" 962
"C:/Users/Utkarsh Anand/Documents/Unreal Projects/Beyond_The_Cycle/Content/Widget/Pack-It_1/file_0000000002708211a5d5a52b4c27c53a.uasset" 963
"C:/Users/Utkarsh Anand/Documents/Unreal Projects/Beyond_The_Cycle/Content/Widget/Pack-It_1/file_0000000002708211a5d5a52b4c27c53a.uexp" 964
"C:/Users/Utkarsh Anand/Documents/Unreal Projects/Beyond_The_Cycle/Content/Widget/Pack-It_1/file_0000000024248246b45586569b9036f2.uasset" 965
"C:/Users/Utkarsh Anand/Documents/Unreal Projects/Beyond_The_Cycle/Content/Widget/Pack-It_1/file_0000000024248246b45586569b9036f2.uexp" 966
"C:/Users/Utkarsh Anand/Documents/Unreal Projects/Beyond_The_Cycle/Content/Widget/Pack-It_1/file_0000000026ec821181500a09dbf9ec6a.uasset" 967
"C:/Users/Utkarsh Anand/Documents/Unreal Projects/Beyond_The_Cycle/Content/Widget/Pack-It_1/file_0000000026ec821181500a09dbf9ec6a.uexp" 968
"C:/Users/Utkarsh Anand/Documents/Unreal Projects/Beyond_The_Cycle/Content/Widget/Pack-It_1/file_000000002dfc82119233471a933d8933.uasset" 969
"C:/Users/Utkarsh Anand/Documents/Unreal Projects/Beyond_The_Cycle/Content/Widget/Pack-It_1/file_000000002dfc82119233471a933d8933.uexp" 970
"C:/Users/Utkarsh Anand/Documents/Unreal Projects/Beyond_The_Cycle/Content/Widget/Pack-It_1/file_0000000061d48243bd696a12b83e7372.uasset" 971
"C:/Users/Utkarsh Anand/Documents/Unreal Projects/Beyond_The_Cycle/Content/Widget/Pack-It_1/file_0000000061d48243bd696a12b83e7372.uexp" 972
"C:/Users/Utkarsh Anand/Documents/Unreal Projects/Beyond_The_Cycle/Content/Widget/Pack-It_1/file_00000000632082119a60051a79a78c70.uasset" 973
"C:/Users/Utkarsh Anand/Documents/Unreal Projects/Beyond_The_Cycle/Content/Widget/Pack-It_1/file_00000000632082119a60051a79a78c70.uexp" 974
"C:/Users/Utkarsh Anand/Documents/Unreal Projects/Beyond_The_Cycle/Content/Widget/Pack-It_1/file_000000006cc482119c5e53b22cf712ed.uasset" 975
"C:/Users/Utkarsh Anand/Documents/Unreal Projects/Beyond_The_Cycle/Content/Widget/Pack-It_1/file_000000006cc482119c5e53b22cf712ed.uexp" 976
"C:/Users/Utkarsh Anand/Documents/Unreal Projects/Beyond_The_Cycle/Content/Widget/Pack-It_1/file_00000000bddc821191055040659978c1.uasset" 977
"C:/Users/Utkarsh Anand/Documents/Unreal Projects/Beyond_The_Cycle/Content/Widget/Pack-It_1/file_00000000bddc821191055040659978c1.uexp" 978
"C:/Users/Utkarsh Anand/Documents/Unreal Projects/Beyond_The_Cycle/Content/Widget/Pack-It_1/BP_DragDropOperation.uasset" 979
"C:/Users/Utkarsh Anand/Documents/Unreal Projects/Beyond_The_Cycle/Content/Widget/Pack-It_1/BP_DragDropOperation.uexp" 980
"C:/Users/Utkarsh Anand/Documents/Unreal Projects/Beyond_The_Cycle/Content/Widget/Pack-It_1/file_0000000055448211bbfde1210bedde09.uasset" 981
"C:/Users/Utkarsh Anand/Documents/Unreal Projects/Beyond_The_Cycle/Content/Widget/Pack-It_1/file_0000000055448211bbfde1210bedde09.uexp" 982
"C:/Users/Utkarsh Anand/Documents/Unreal Projects/Beyond_The_Cycle/Content/Widget/Pack-It_1/WID_DragabbleItem.uasset" 983
"C:/Users/Utkarsh Anand/Documents/Unreal Projects/Beyond_The_Cycle/Content/Widget/Pack-It_1/WID_DragabbleItem.uexp" 984
"C:/Users/Utkarsh Anand/Documents/Unreal Projects/Beyond_The_Cycle/Content/Widget/WID_ReasoningScreenPackIt.uasset" 985
"C:/Users/Utkarsh Anand/Documents/Unreal Projects/Beyond_The_Cycle/Content/Widget/WID_ReasoningScreenPackIt.uexp" 986
"C:/Users/Utkarsh Anand/Documents/Unreal Projects/Beyond_The_Cycle/Content/Widget/Elemets/OptionBox.uasset" 987
"C:/Users/Utkarsh Anand/Documents/Unreal Projects/Beyond_The_Cycle/Content/Widget/Elemets/OptionBox.uexp" 988
"C:/Users/Utkarsh Anand/Documents/Unreal Projects/Beyond_The_Cycle/Content/Widget/WID_Pack-It_1.uasset" 989
"C:/Users/Utkarsh Anand/Documents/Unreal Projects/Beyond_The_Cycle/Content/Widget/WID_Pack-It_1.uexp" 990
"C:/Users/Utkarsh Anand/Documents/Unreal Projects/Beyond_The_Cycle/Content/Widget/Chat/Chat_Panel_BG.uasset" 991
"C:/Users/Utkarsh Anand/Documents/Unreal Projects/Beyond_The_Cycle/Content/Widget/Chat/Chat_Panel_BG.uexp" 992
"C:/Users/Utkarsh Anand/Documents/Unreal Projects/Beyond_The_Cycle/Content/Widget/Chat/Chat_Corner.uasset" 993
"C:/Users/Utkarsh Anand/Documents/Unreal Projects/Beyond_The_Cycle/Content/Widget/Chat/Chat_Corner.uexp" 994
"C:/Users/Utkarsh Anand/Documents/Unreal Projects/Beyond_The_Cycle/Content/Widget/Chat/WID_MessagePanel.uasset" 995
"C:/Users/Utkarsh Anand/Documents/Unreal Projects/Beyond_The_Cycle/Content/Widget/Chat/WID_MessagePanel.uexp" 996
"C:/Users/Utkarsh Anand/Documents/Unreal Projects/Beyond_The_Cycle/Content/Widget/Chat/WID_MessagePanelBot.uasset" 997
"C:/Users/Utkarsh Anand/Documents/Unreal Projects/Beyond_The_Cycle/Content/Widget/Chat/WID_MessagePanelBot.uexp" 998
"C:/Users/Utkarsh Anand/Documents/Unreal Projects/Beyond_The_Cycle/Content/Widget/Elemets/Close_Button.uasset" 999
"C:/Users/Utkarsh Anand/Documents/Unreal Projects/Beyond_The_Cycle/Content/Widget/Elemets/Close_Button.uexp" 1000
"C:/Users/Utkarsh Anand/Documents/Unreal Projects/Beyond_The_Cycle/Content/Widget/WID_Chat.uasset" 1001
"C:/Users/Utkarsh Anand/Documents/Unreal Projects/Beyond_The_Cycle/Content/Widget/WID_Chat.uexp" 1002
"C:/Users/Utkarsh Anand/Documents/Unreal Projects/Beyond_The_Cycle/Content/Widget/WID_ReasoningScreen.uasset" 1003
"C:/Users/Utkarsh Anand/Documents/Unreal Projects/Beyond_The_Cycle/Content/Widget/WID_ReasoningScreen.uexp" 1004
"C:/Users/Utkarsh Anand/Documents/Unreal Projects/Beyond_The_Cycle/Content/Widget/Elemets/BG_Scene1.uasset" 1005
"C:/Users/Utkarsh Anand/Documents/Unreal Projects/Beyond_The_Cycle/Content/Widget/Elemets/BG_Scene1.uexp" 1006
"C:/Users/Utkarsh Anand/Documents/Unreal Projects/Beyond_The_Cycle/Content/Widget/Elemets/BG_Scene1_BW.uasset" 1007
"C:/Users/Utkarsh Anand/Documents/Unreal Projects/Beyond_The_Cycle/Content/Widget/Elemets/BG_Scene1_BW.uexp" 1008
"C:/Users/Utkarsh Anand/Documents/Unreal Projects/Beyond_The_Cycle/Content/Widget/Elemets/Bot_Button.uasset" 1009
"C:/Users/Utkarsh Anand/Documents/Unreal Projects/Beyond_The_Cycle/Content/Widget/Elemets/Bot_Button.uexp" 1010
"../../../Engine/Content/Functions/Engine_MaterialFunctions02/ExampleContent/Textures/flipbook.ubulk" 1011
"../../../Engine/Content/Functions/Engine_MaterialFunctions02/ExampleContent/Textures/flipbook.uasset" 1012
"../../../Engine/Content/Functions/Engine_MaterialFunctions02/ExampleContent/Textures/flipbook.uexp" 1013
"../../../Engine/Content/Functions/Engine_MaterialFunctions01/Texturing/ComputeMipLevel.uasset" 1014
"../../../Engine/Content/Functions/Engine_MaterialFunctions01/Texturing/ComputeMipLevel.uexp" 1015
"../../../Engine/Content/Functions/Engine_MaterialFunctions02/ExampleContent/Textures/DebugNumberPeriod.uasset" 1016
"../../../Engine/Content/Functions/Engine_MaterialFunctions02/ExampleContent/Textures/DebugNumberPeriod.uexp" 1017
"../../../Engine/Content/Functions/Engine_MaterialFunctions02/Utility/DebugScalarValues.uasset" 1018
"../../../Engine/Content/Functions/Engine_MaterialFunctions02/Utility/DebugScalarValues.uexp" 1019
"../../../Engine/Content/Functions/Engine_MaterialFunctions02/Utility/DebugFloat2Values.uasset" 1020
"../../../Engine/Content/Functions/Engine_MaterialFunctions02/Utility/DebugFloat2Values.uexp" 1021
"../../../Engine/Content/Functions/Engine_MaterialFunctions02/Texturing/FlipBook.uasset" 1022
"../../../Engine/Content/Functions/Engine_MaterialFunctions02/Texturing/FlipBook.uexp" 1023
"C:/Users/Utkarsh Anand/Documents/Unreal Projects/Beyond_The_Cycle/Content/Widget/Elemets/SS_Scene_1.uasset" 1024
"C:/Users/Utkarsh Anand/Documents/Unreal Projects/Beyond_The_Cycle/Content/Widget/Elemets/SS_Scene_1.uexp" 1025
"C:/Users/Utkarsh Anand/Documents/Unreal Projects/Beyond_The_Cycle/Content/Widget/Elemets/MAT_Flipbook.uasset" 1026
"C:/Users/Utkarsh Anand/Documents/Unreal Projects/Beyond_The_Cycle/Content/Widget/Elemets/MAT_Flipbook.uexp" 1027
"C:/Users/Utkarsh Anand/Documents/Unreal Projects/Beyond_The_Cycle/Content/Widget/Elemets/MAT_Flipbook_Inst.uasset" 1028
"C:/Users/Utkarsh Anand/Documents/Unreal Projects/Beyond_The_Cycle/Content/Widget/Elemets/MAT_Flipbook_Inst.uexp" 1029
"C:/Users/Utkarsh Anand/Documents/Unreal Projects/Beyond_The_Cycle/Content/Widget/Elemets/TextBox.uasset" 1030
"C:/Users/Utkarsh Anand/Documents/Unreal Projects/Beyond_The_Cycle/Content/Widget/Elemets/TextBox.uexp" 1031
"C:/Users/Utkarsh Anand/Documents/Unreal Projects/Beyond_The_Cycle/Content/Widget/WID_WWYD_Scene1.uasset" 1032
"C:/Users/Utkarsh Anand/Documents/Unreal Projects/Beyond_The_Cycle/Content/Widget/WID_WWYD_Scene1.uexp" 1033
"C:/Users/Utkarsh Anand/Documents/Unreal Projects/Beyond_The_Cycle/Content/Widget/Elemets/Settings_Button.uasset" 1034
"C:/Users/Utkarsh Anand/Documents/Unreal Projects/Beyond_The_Cycle/Content/Widget/Elemets/Settings_Button.uexp" 1035
"C:/Users/Utkarsh Anand/Documents/Unreal Projects/Beyond_The_Cycle/Content/Widget/Menu/Myth_Button.uasset" 1036
"C:/Users/Utkarsh Anand/Documents/Unreal Projects/Beyond_The_Cycle/Content/Widget/Menu/Myth_Button.uexp" 1037
"C:/Users/Utkarsh Anand/Documents/Unreal Projects/Beyond_The_Cycle/Content/Widget/Menu/Pack_It_Button.uasset" 1038
"C:/Users/Utkarsh Anand/Documents/Unreal Projects/Beyond_The_Cycle/Content/Widget/Menu/Pack_It_Button.uexp" 1039
"C:/Users/Utkarsh Anand/Documents/Unreal Projects/Beyond_The_Cycle/Content/Widget/Menu/Title.uasset" 1040
"C:/Users/Utkarsh Anand/Documents/Unreal Projects/Beyond_The_Cycle/Content/Widget/Menu/Title.uexp" 1041
"C:/Users/Utkarsh Anand/Documents/Unreal Projects/Beyond_The_Cycle/Content/Widget/WID_Menu.uasset" 1042
"C:/Users/Utkarsh Anand/Documents/Unreal Projects/Beyond_The_Cycle/Content/Widget/WID_Menu.uexp" 1043
"C:/Users/Utkarsh Anand/Documents/Unreal Projects/Beyond_The_Cycle/Content/Maps/MainMap.uexp" 1044
"C:/Users/Utkarsh Anand/Documents/Unreal Projects/Beyond_The_Cycle/Content/Maps/MainMap.umap" 1045
"../../../Engine/Content/Maps/Templates/OpenWorld/_Generated_/6STUIE5HIVZGCEZANDWW93U27.uexp" 1046
"../../../Engine/Content/Maps/Templates/OpenWorld/_Generated_/6STUIE5HIVZGCEZANDWW93U27.ubulk" 1047
"../../../Engine/Content/Maps/Templates/OpenWorld/_Generated_/6STUIE5HIVZGCEZANDWW93U27.umap" 1048
"../../../Engine/Content/Maps/Templates/OpenWorld/_Generated_/0FO269CJJPT1KWUNPV8I3D7HF.uexp" 1049
"../../../Engine/Content/Maps/Templates/OpenWorld/_Generated_/0FO269CJJPT1KWUNPV8I3D7HF.ubulk" 1050
"../../../Engine/Content/Maps/Templates/OpenWorld/_Generated_/0FO269CJJPT1KWUNPV8I3D7HF.umap" 1051
"../../../Engine/Content/Maps/Templates/OpenWorld/_Generated_/EDEENOWTZDO3K761WYC6F62MH.uexp" 1052
"../../../Engine/Content/Maps/Templates/OpenWorld/_Generated_/EDEENOWTZDO3K761WYC6F62MH.ubulk" 1053
"../../../Engine/Content/Maps/Templates/OpenWorld/_Generated_/EDEENOWTZDO3K761WYC6F62MH.umap" 1054
"../../../Engine/Content/Maps/Templates/OpenWorld/_Generated_/4ZN1OJP2B964Q0681LMOH9CAD.uexp" 1055
"../../../Engine/Content/Maps/Templates/OpenWorld/_Generated_/4ZN1OJP2B964Q0681LMOH9CAD.ubulk" 1056
"../../../Engine/Content/Maps/Templates/OpenWorld/_Generated_/4ZN1OJP2B964Q0681LMOH9CAD.umap" 1057
"../../../Engine/Content/Maps/Templates/OpenWorld/_Generated_/7IZRC9ECG7XKK61Q37LY67KCB.uexp" 1058
"../../../Engine/Content/Maps/Templates/OpenWorld/_Generated_/7IZRC9ECG7XKK61Q37LY67KCB.ubulk" 1059
"../../../Engine/Content/Maps/Templates/OpenWorld/_Generated_/7IZRC9ECG7XKK61Q37LY67KCB.umap" 1060
"../../../Engine/Content/Maps/Templates/OpenWorld/_Generated_/EYFK9JZPSX06MOH3LNAI7SW92.uexp" 1061
"../../../Engine/Content/Maps/Templates/OpenWorld/_Generated_/EYFK9JZPSX06MOH3LNAI7SW92.ubulk" 1062
"../../../Engine/Content/Maps/Templates/OpenWorld/_Generated_/EYFK9JZPSX06MOH3LNAI7SW92.umap" 1063
"../../../Engine/Content/Maps/Templates/OpenWorld/_Generated_/0FBSY5KVOXKO2F95PG60Y9LQ1.uexp" 1064
"../../../Engine/Content/Maps/Templates/OpenWorld/_Generated_/0FBSY5KVOXKO2F95PG60Y9LQ1.ubulk" 1065
"../../../Engine/Content/Maps/Templates/OpenWorld/_Generated_/0FBSY5KVOXKO2F95PG60Y9LQ1.umap" 1066
"../../../Engine/Content/Maps/Templates/OpenWorld/_Generated_/9DWYO4CR8ZRKRYVNPHDVJTYH4.uexp" 1067
"../../../Engine/Content/Maps/Templates/OpenWorld/_Generated_/9DWYO4CR8ZRKRYVNPHDVJTYH4.ubulk" 1068
"../../../Engine/Content/Maps/Templates/OpenWorld/_Generated_/9DWYO4CR8ZRKRYVNPHDVJTYH4.umap" 1069
"../../../Engine/Content/Maps/Templates/OpenWorld/_Generated_/560Q2YQDUSHN6VRUZ0LHOWU97.uexp" 1070
"../../../Engine/Content/Maps/Templates/OpenWorld/_Generated_/560Q2YQDUSHN6VRUZ0LHOWU97.ubulk" 1071
"../../../Engine/Content/Maps/Templates/OpenWorld/_Generated_/560Q2YQDUSHN6VRUZ0LHOWU97.umap" 1072
"../../../Engine/Content/Maps/Templates/OpenWorld/_Generated_/90YKWZXGBC5Q8M7RFK49P371F.uexp" 1073
"../../../Engine/Content/Maps/Templates/OpenWorld/_Generated_/90YKWZXGBC5Q8M7RFK49P371F.ubulk" 1074
"../../../Engine/Content/Maps/Templates/OpenWorld/_Generated_/90YKWZXGBC5Q8M7RFK49P371F.umap" 1075
"../../../Engine/Content/Maps/Templates/OpenWorld/_Generated_/D528WYH177JBF1MVERKEF59XI.uexp" 1076
"../../../Engine/Content/Maps/Templates/OpenWorld/_Generated_/D528WYH177JBF1MVERKEF59XI.ubulk" 1077
"../../../Engine/Content/Maps/Templates/OpenWorld/_Generated_/D528WYH177JBF1MVERKEF59XI.umap" 1078
"../../../Engine/Content/Maps/Templates/OpenWorld/_Generated_/91C65FSOVE5PX3RH3ZE5R7AWP.uexp" 1079
"../../../Engine/Content/Maps/Templates/OpenWorld/_Generated_/91C65FSOVE5PX3RH3ZE5R7AWP.ubulk" 1080
"../../../Engine/Content/Maps/Templates/OpenWorld/_Generated_/91C65FSOVE5PX3RH3ZE5R7AWP.umap" 1081
"../../../Engine/Content/Maps/Templates/OpenWorld/_Generated_/9SC5WUA5JIS0UM415PBWV1RPM.uexp" 1082
"../../../Engine/Content/Maps/Templates/OpenWorld/_Generated_/9SC5WUA5JIS0UM415PBWV1RPM.ubulk" 1083
"../../../Engine/Content/Maps/Templates/OpenWorld/_Generated_/9SC5WUA5JIS0UM415PBWV1RPM.umap" 1084
"../../../Engine/Content/Maps/Templates/OpenWorld/_Generated_/14TWR481M9BR03G9I7NG4KINT.uexp" 1085
"../../../Engine/Content/Maps/Templates/OpenWorld/_Generated_/14TWR481M9BR03G9I7NG4KINT.ubulk" 1086
"../../../Engine/Content/Maps/Templates/OpenWorld/_Generated_/14TWR481M9BR03G9I7NG4KINT.umap" 1087
"../../../Engine/Content/Maps/Templates/OpenWorld/_Generated_/A162FR22SPAI1JX798GP4T1ZY.uexp" 1088
"../../../Engine/Content/Maps/Templates/OpenWorld/_Generated_/A162FR22SPAI1JX798GP4T1ZY.ubulk" 1089
"../../../Engine/Content/Maps/Templates/OpenWorld/_Generated_/A162FR22SPAI1JX798GP4T1ZY.umap" 1090
"../../../Engine/Content/Maps/Templates/OpenWorld/_Generated_/0DKNXQ64G0741WMB1HG25AYNU.uexp" 1091
"../../../Engine/Content/Maps/Templates/OpenWorld/_Generated_/0DKNXQ64G0741WMB1HG25AYNU.ubulk" 1092
"../../../Engine/Content/Maps/Templates/OpenWorld/_Generated_/0DKNXQ64G0741WMB1HG25AYNU.umap" 1093
"../../../Engine/Content/Maps/Templates/OpenWorld/_Generated_/8HTVHG4ZV10ESALAMDOXITR27.uexp" 1094
"../../../Engine/Content/Maps/Templates/OpenWorld/_Generated_/8HTVHG4ZV10ESALAMDOXITR27.ubulk" 1095
"../../../Engine/Content/Maps/Templates/OpenWorld/_Generated_/8HTVHG4ZV10ESALAMDOXITR27.umap" 1096
"../../../Engine/Content/Maps/Templates/OpenWorld/_Generated_/1XRO772MR72DR4NTZXXPNQLCL.uexp" 1097
"../../../Engine/Content/Maps/Templates/OpenWorld/_Generated_/1XRO772MR72DR4NTZXXPNQLCL.ubulk" 1098
"../../../Engine/Content/Maps/Templates/OpenWorld/_Generated_/1XRO772MR72DR4NTZXXPNQLCL.umap" 1099
"../../../Engine/Content/Maps/Templates/OpenWorld/_Generated_/CGX8O6ITCT8PB63Y6Q4CTFLKF.uexp" 1100
"../../../Engine/Content/Maps/Templates/OpenWorld/_Generated_/CGX8O6ITCT8PB63Y6Q4CTFLKF.ubulk" 1101
"../../../Engine/Content/Maps/Templates/OpenWorld/_Generated_/CGX8O6ITCT8PB63Y6Q4CTFLKF.umap" 1102
"../../../Engine/Content/Maps/Templates/OpenWorld/_Generated_/4VMFP9X0E1WZQ30W8JQB6M1YL.uexp" 1103
"../../../Engine/Content/Maps/Templates/OpenWorld/_Generated_/4VMFP9X0E1WZQ30W8JQB6M1YL.ubulk" 1104
"../../../Engine/Content/Maps/Templates/OpenWorld/_Generated_/4VMFP9X0E1WZQ30W8JQB6M1YL.umap" 1105
"../../../Engine/Content/Maps/Templates/OpenWorld/_Generated_/B11KFXDGHHWI998I49YF8OSCV.uexp" 1106
"../../../Engine/Content/Maps/Templates/OpenWorld/_Generated_/B11KFXDGHHWI998I49YF8OSCV.ubulk" 1107
"../../../Engine/Content/Maps/Templates/OpenWorld/_Generated_/B11KFXDGHHWI998I49YF8OSCV.umap" 1108
"../../../Engine/Content/Maps/Templates/OpenWorld/_Generated_/2EXPORCQWFXA0VGPUZFFEH42V.uexp" 1109
"../../../Engine/Content/Maps/Templates/OpenWorld/_Generated_/2EXPORCQWFXA0VGPUZFFEH42V.ubulk" 1110
"../../../Engine/Content/Maps/Templates/OpenWorld/_Generated_/2EXPORCQWFXA0VGPUZFFEH42V.umap" 1111
"../../../Engine/Content/Maps/Templates/OpenWorld/_Generated_/CMII0KWF4DK79CQ7FNE3VYZ0Y.uexp" 1112
"../../../Engine/Content/Maps/Templates/OpenWorld/_Generated_/CMII0KWF4DK79CQ7FNE3VYZ0Y.ubulk" 1113
"../../../Engine/Content/Maps/Templates/OpenWorld/_Generated_/CMII0KWF4DK79CQ7FNE3VYZ0Y.umap" 1114
"../../../Engine/Content/Maps/Templates/OpenWorld/_Generated_/7QAN0CUPH7L6XIAXVC415BO3H.uexp" 1115
"../../../Engine/Content/Maps/Templates/OpenWorld/_Generated_/7QAN0CUPH7L6XIAXVC415BO3H.ubulk" 1116
"../../../Engine/Content/Maps/Templates/OpenWorld/_Generated_/7QAN0CUPH7L6XIAXVC415BO3H.umap" 1117
"../../../Engine/Content/Maps/Templates/OpenWorld/_Generated_/062VPHY2A664O1BFN6K10ZTFC.uexp" 1118
"../../../Engine/Content/Maps/Templates/OpenWorld/_Generated_/062VPHY2A664O1BFN6K10ZTFC.ubulk" 1119
"../../../Engine/Content/Maps/Templates/OpenWorld/_Generated_/062VPHY2A664O1BFN6K10ZTFC.umap" 1120
"../../../Engine/Content/Maps/Templates/OpenWorld/_Generated_/3VF47RGRS9W4BJX2S86EFTVJD.uexp" 1121
"../../../Engine/Content/Maps/Templates/OpenWorld/_Generated_/3VF47RGRS9W4BJX2S86EFTVJD.ubulk" 1122
"../../../Engine/Content/Maps/Templates/OpenWorld/_Generated_/3VF47RGRS9W4BJX2S86EFTVJD.umap" 1123
"../../../Engine/Content/Maps/Templates/OpenWorld/_Generated_/A7UZ852D2ZZOKJMRIHDRWHDZ8.uexp" 1124
"../../../Engine/Content/Maps/Templates/OpenWorld/_Generated_/A7UZ852D2ZZOKJMRIHDRWHDZ8.ubulk" 1125
"../../../Engine/Content/Maps/Templates/OpenWorld/_Generated_/A7UZ852D2ZZOKJMRIHDRWHDZ8.umap" 1126
"../../../Engine/Content/Maps/Templates/OpenWorld/_Generated_/EVZZ44OOC35CBVX4NIVJ6ZF92.uexp" 1127
"../../../Engine/Content/Maps/Templates/OpenWorld/_Generated_/EVZZ44OOC35CBVX4NIVJ6ZF92.ubulk" 1128
"../../../Engine/Content/Maps/Templates/OpenWorld/_Generated_/EVZZ44OOC35CBVX4NIVJ6ZF92.umap" 1129
"../../../Engine/Content/Maps/Templates/OpenWorld/_Generated_/BXVJS9DZO1LTJ87VJXMLNXJ85.uexp" 1130
"../../../Engine/Content/Maps/Templates/OpenWorld/_Generated_/BXVJS9DZO1LTJ87VJXMLNXJ85.ubulk" 1131
"../../../Engine/Content/Maps/Templates/OpenWorld/_Generated_/BXVJS9DZO1LTJ87VJXMLNXJ85.umap" 1132
"../../../Engine/Content/Maps/Templates/OpenWorld/_Generated_/9NTQYTBKVO06SRUD63GKC165Y.uexp" 1133
"../../../Engine/Content/Maps/Templates/OpenWorld/_Generated_/9NTQYTBKVO06SRUD63GKC165Y.ubulk" 1134
"../../../Engine/Content/Maps/Templates/OpenWorld/_Generated_/9NTQYTBKVO06SRUD63GKC165Y.umap" 1135
"../../../Engine/Content/Maps/Templates/OpenWorld/_Generated_/5JYRKCDWVZW8AS85ROYF9H9AR.uexp" 1136
"../../../Engine/Content/Maps/Templates/OpenWorld/_Generated_/5JYRKCDWVZW8AS85ROYF9H9AR.ubulk" 1137
"../../../Engine/Content/Maps/Templates/OpenWorld/_Generated_/5JYRKCDWVZW8AS85ROYF9H9AR.umap" 1138
"../../../Engine/Content/Maps/Templates/OpenWorld/_Generated_/ETTXYQ53RP132MUZA505BMZBV.uexp" 1139
"../../../Engine/Content/Maps/Templates/OpenWorld/_Generated_/ETTXYQ53RP132MUZA505BMZBV.ubulk" 1140
"../../../Engine/Content/Maps/Templates/OpenWorld/_Generated_/ETTXYQ53RP132MUZA505BMZBV.umap" 1141
"../../../Engine/Content/Maps/Templates/OpenWorld/_Generated_/DQ6VH2NBB7RXPEUMYIX9HP52D.uexp" 1142
"../../../Engine/Content/Maps/Templates/OpenWorld/_Generated_/DQ6VH2NBB7RXPEUMYIX9HP52D.ubulk" 1143
"../../../Engine/Content/Maps/Templates/OpenWorld/_Generated_/DQ6VH2NBB7RXPEUMYIX9HP52D.umap" 1144
"../../../Engine/Content/Maps/Templates/OpenWorld/_Generated_/8MWLTTOWQ9MQISB0FTDRBG27N.uexp" 1145
"../../../Engine/Content/Maps/Templates/OpenWorld/_Generated_/8MWLTTOWQ9MQISB0FTDRBG27N.ubulk" 1146
"../../../Engine/Content/Maps/Templates/OpenWorld/_Generated_/8MWLTTOWQ9MQISB0FTDRBG27N.umap" 1147
"../../../Engine/Content/Maps/Templates/OpenWorld/_Generated_/52ROPPDGP6LV1T2TJ05NFM0XY.uexp" 1148
"../../../Engine/Content/Maps/Templates/OpenWorld/_Generated_/52ROPPDGP6LV1T2TJ05NFM0XY.ubulk" 1149
"../../../Engine/Content/Maps/Templates/OpenWorld/_Generated_/52ROPPDGP6LV1T2TJ05NFM0XY.umap" 1150
"../../../Engine/Content/Maps/Templates/OpenWorld/_Generated_/ERDR3X7GTNEIJLJS14Q6QZGUD.uexp" 1151
"../../../Engine/Content/Maps/Templates/OpenWorld/_Generated_/ERDR3X7GTNEIJLJS14Q6QZGUD.ubulk" 1152
"../../../Engine/Content/Maps/Templates/OpenWorld/_Generated_/ERDR3X7GTNEIJLJS14Q6QZGUD.umap" 1153
"../../../Engine/Content/Maps/Templates/OpenWorld/_Generated_/1BX0BGYZ17G0U09675N1KG9F8.uexp" 1154
"../../../Engine/Content/Maps/Templates/OpenWorld/_Generated_/1BX0BGYZ17G0U09675N1KG9F8.ubulk" 1155
"../../../Engine/Content/Maps/Templates/OpenWorld/_Generated_/1BX0BGYZ17G0U09675N1KG9F8.umap" 1156
"../../../Engine/Content/Maps/Templates/OpenWorld/_Generated_/18QM8YK0GSQ018IPR6OT7RJC5.uexp" 1157
"../../../Engine/Content/Maps/Templates/OpenWorld/_Generated_/18QM8YK0GSQ018IPR6OT7RJC5.ubulk" 1158
"../../../Engine/Content/Maps/Templates/OpenWorld/_Generated_/18QM8YK0GSQ018IPR6OT7RJC5.umap" 1159
"../../../Engine/Content/Maps/Templates/OpenWorld/_Generated_/2NGRSF81RI2C7PGU0F4UWZ4QP.uexp" 1160
"../../../Engine/Content/Maps/Templates/OpenWorld/_Generated_/2NGRSF81RI2C7PGU0F4UWZ4QP.ubulk" 1161
"../../../Engine/Content/Maps/Templates/OpenWorld/_Generated_/2NGRSF81RI2C7PGU0F4UWZ4QP.umap" 1162
"../../../Engine/Content/Maps/Templates/OpenWorld/_Generated_/CTLYDDTL70JB2XY8IR8UZ41PX.uexp" 1163
"../../../Engine/Content/Maps/Templates/OpenWorld/_Generated_/CTLYDDTL70JB2XY8IR8UZ41PX.ubulk" 1164
"../../../Engine/Content/Maps/Templates/OpenWorld/_Generated_/CTLYDDTL70JB2XY8IR8UZ41PX.umap" 1165
"../../../Engine/Content/Maps/Templates/OpenWorld/_Generated_/BT99C0BD1H8P4P6YI5OOM83O3.uexp" 1166
"../../../Engine/Content/Maps/Templates/OpenWorld/_Generated_/BT99C0BD1H8P4P6YI5OOM83O3.ubulk" 1167
"../../../Engine/Content/Maps/Templates/OpenWorld/_Generated_/BT99C0BD1H8P4P6YI5OOM83O3.umap" 1168
"../../../Engine/Content/Maps/Templates/OpenWorld/_Generated_/CI21SMK3TPP9F7V768J0FQPFN.uexp" 1169
"../../../Engine/Content/Maps/Templates/OpenWorld/_Generated_/CI21SMK3TPP9F7V768J0FQPFN.ubulk" 1170
"../../../Engine/Content/Maps/Templates/OpenWorld/_Generated_/CI21SMK3TPP9F7V768J0FQPFN.umap" 1171
"../../../Engine/Content/Maps/Templates/OpenWorld/_Generated_/5JAFRUW7M8C40BCVQK2GXFJNJ.uexp" 1172
"../../../Engine/Content/Maps/Templates/OpenWorld/_Generated_/5JAFRUW7M8C40BCVQK2GXFJNJ.ubulk" 1173
"../../../Engine/Content/Maps/Templates/OpenWorld/_Generated_/5JAFRUW7M8C40BCVQK2GXFJNJ.umap" 1174
"../../../Engine/Content/Maps/Templates/OpenWorld/_Generated_/7W0EWM8OGZ345XSTZNS5AQMBI.uexp" 1175
"../../../Engine/Content/Maps/Templates/OpenWorld/_Generated_/7W0EWM8OGZ345XSTZNS5AQMBI.ubulk" 1176
"../../../Engine/Content/Maps/Templates/OpenWorld/_Generated_/7W0EWM8OGZ345XSTZNS5AQMBI.umap" 1177
"../../../Engine/Content/Maps/Templates/OpenWorld/_Generated_/264SVRNDEWW4MGWUIDC4BTIXK.uexp" 1178
"../../../Engine/Content/Maps/Templates/OpenWorld/_Generated_/264SVRNDEWW4MGWUIDC4BTIXK.ubulk" 1179
"../../../Engine/Content/Maps/Templates/OpenWorld/_Generated_/264SVRNDEWW4MGWUIDC4BTIXK.umap" 1180
"../../../Engine/Content/Maps/Templates/OpenWorld/_Generated_/0ULS9JG1EER47G9XYQAP7GS53.uexp" 1181
"../../../Engine/Content/Maps/Templates/OpenWorld/_Generated_/0ULS9JG1EER47G9XYQAP7GS53.ubulk" 1182
"../../../Engine/Content/Maps/Templates/OpenWorld/_Generated_/0ULS9JG1EER47G9XYQAP7GS53.umap" 1183
"../../../Engine/Content/Maps/Templates/OpenWorld/_Generated_/2KZONTR6XMIOC1XIKLEAIDFGK.uexp" 1184
"../../../Engine/Content/Maps/Templates/OpenWorld/_Generated_/2KZONTR6XMIOC1XIKLEAIDFGK.ubulk" 1185
"../../../Engine/Content/Maps/Templates/OpenWorld/_Generated_/2KZONTR6XMIOC1XIKLEAIDFGK.umap" 1186
"../../../Engine/Content/Maps/Templates/OpenWorld/_Generated_/1KA8PENA07S1TLPYUQT1ADWJW.uexp" 1187
"../../../Engine/Content/Maps/Templates/OpenWorld/_Generated_/1KA8PENA07S1TLPYUQT1ADWJW.ubulk" 1188
"../../../Engine/Content/Maps/Templates/OpenWorld/_Generated_/1KA8PENA07S1TLPYUQT1ADWJW.umap" 1189
"../../../Engine/Content/Maps/Templates/OpenWorld/_Generated_/EJQVVAI5ME30NB6FGJ49AXY9F.uexp" 1190
"../../../Engine/Content/Maps/Templates/OpenWorld/_Generated_/EJQVVAI5ME30NB6FGJ49AXY9F.ubulk" 1191
"../../../Engine/Content/Maps/Templates/OpenWorld/_Generated_/EJQVVAI5ME30NB6FGJ49AXY9F.umap" 1192
"../../../Engine/Content/Maps/Templates/OpenWorld/_Generated_/EUV70YALLEKX8DTKFHA9JZCNR.uexp" 1193
"../../../Engine/Content/Maps/Templates/OpenWorld/_Generated_/EUV70YALLEKX8DTKFHA9JZCNR.ubulk" 1194
"../../../Engine/Content/Maps/Templates/OpenWorld/_Generated_/EUV70YALLEKX8DTKFHA9JZCNR.umap" 1195
"../../../Engine/Content/Maps/Templates/OpenWorld/_Generated_/7E8MPC3Z1ENYFQOFU0TO8H1O3.uexp" 1196
"../../../Engine/Content/Maps/Templates/OpenWorld/_Generated_/7E8MPC3Z1ENYFQOFU0TO8H1O3.ubulk" 1197
"../../../Engine/Content/Maps/Templates/OpenWorld/_Generated_/7E8MPC3Z1ENYFQOFU0TO8H1O3.umap" 1198
"../../../Engine/Content/Maps/Templates/OpenWorld/_Generated_/6U1Q6DZVXYENNRFSLB9Q4MBCV.uexp" 1199
"../../../Engine/Content/Maps/Templates/OpenWorld/_Generated_/6U1Q6DZVXYENNRFSLB9Q4MBCV.ubulk" 1200
"../../../Engine/Content/Maps/Templates/OpenWorld/_Generated_/6U1Q6DZVXYENNRFSLB9Q4MBCV.umap" 1201
"../../../Engine/Content/Maps/Templates/OpenWorld/_Generated_/5Y4REHE1GDAJJ90DPEI1VVKT8.uexp" 1202
"../../../Engine/Content/Maps/Templates/OpenWorld/_Generated_/5Y4REHE1GDAJJ90DPEI1VVKT8.ubulk" 1203
"../../../Engine/Content/Maps/Templates/OpenWorld/_Generated_/5Y4REHE1GDAJJ90DPEI1VVKT8.umap" 1204
"../../../Engine/Content/Maps/Templates/OpenWorld/_Generated_/5YLXSWDD6B74X559RZ9RN5K99.uexp" 1205
"../../../Engine/Content/Maps/Templates/OpenWorld/_Generated_/5YLXSWDD6B74X559RZ9RN5K99.ubulk" 1206
"../../../Engine/Content/Maps/Templates/OpenWorld/_Generated_/5YLXSWDD6B74X559RZ9RN5K99.umap" 1207
"../../../Engine/Content/Maps/Templates/OpenWorld/_Generated_/47IZ3J3V5ZG6TMR3GM3VMJ2Y2.uexp" 1208
"../../../Engine/Content/Maps/Templates/OpenWorld/_Generated_/47IZ3J3V5ZG6TMR3GM3VMJ2Y2.ubulk" 1209
"../../../Engine/Content/Maps/Templates/OpenWorld/_Generated_/47IZ3J3V5ZG6TMR3GM3VMJ2Y2.umap" 1210
"../../../Engine/Content/Maps/Templates/OpenWorld/_Generated_/8FBSR6G98CEOTI59LE9GFCH6X.uexp" 1211
"../../../Engine/Content/Maps/Templates/OpenWorld/_Generated_/8FBSR6G98CEOTI59LE9GFCH6X.ubulk" 1212
"../../../Engine/Content/Maps/Templates/OpenWorld/_Generated_/8FBSR6G98CEOTI59LE9GFCH6X.umap" 1213
"../../../Engine/Content/Maps/Templates/OpenWorld/_Generated_/5GC7QNJQ9XVF1C45OZMTCJC0G.uexp" 1214
"../../../Engine/Content/Maps/Templates/OpenWorld/_Generated_/5GC7QNJQ9XVF1C45OZMTCJC0G.ubulk" 1215
"../../../Engine/Content/Maps/Templates/OpenWorld/_Generated_/5GC7QNJQ9XVF1C45OZMTCJC0G.umap" 1216
"../../../Engine/Content/Maps/Templates/OpenWorld/_Generated_/DCTE9CM81UE50WYEPVQYX7F1G.uexp" 1217
"../../../Engine/Content/Maps/Templates/OpenWorld/_Generated_/DCTE9CM81UE50WYEPVQYX7F1G.ubulk" 1218
"../../../Engine/Content/Maps/Templates/OpenWorld/_Generated_/DCTE9CM81UE50WYEPVQYX7F1G.umap" 1219
"../../../Engine/Content/Maps/Templates/OpenWorld/_Generated_/9CG6NSY5SPFUYJH4AIWXX1QD9.uexp" 1220
"../../../Engine/Content/Maps/Templates/OpenWorld/_Generated_/9CG6NSY5SPFUYJH4AIWXX1QD9.ubulk" 1221
"../../../Engine/Content/Maps/Templates/OpenWorld/_Generated_/9CG6NSY5SPFUYJH4AIWXX1QD9.umap" 1222
"../../../Engine/Content/Maps/Templates/OpenWorld/_Generated_/23ZR7LQ5LZ3FS0PMCR1ZKJBX5.uexp" 1223
"../../../Engine/Content/Maps/Templates/OpenWorld/_Generated_/23ZR7LQ5LZ3FS0PMCR1ZKJBX5.ubulk" 1224
"../../../Engine/Content/Maps/Templates/OpenWorld/_Generated_/23ZR7LQ5LZ3FS0PMCR1ZKJBX5.umap" 1225
"../../../Engine/Content/Maps/Templates/OpenWorld/_Generated_/5589EJ3YNAFY0K517GT76Z3EM.uexp" 1226
"../../../Engine/Content/Maps/Templates/OpenWorld/_Generated_/5589EJ3YNAFY0K517GT76Z3EM.ubulk" 1227
"../../../Engine/Content/Maps/Templates/OpenWorld/_Generated_/5589EJ3YNAFY0K517GT76Z3EM.umap" 1228
"../../../Engine/Content/Maps/Templates/OpenWorld/_Generated_/D1DN3JVAKT1IU41G7WQCLQRAM.uexp" 1229
"../../../Engine/Content/Maps/Templates/OpenWorld/_Generated_/D1DN3JVAKT1IU41G7WQCLQRAM.ubulk" 1230
"../../../Engine/Content/Maps/Templates/OpenWorld/_Generated_/D1DN3JVAKT1IU41G7WQCLQRAM.umap" 1231
"../../../Engine/Content/Maps/Templates/OpenWorld/_Generated_/11FM09D4X0P92LN4J15MPZWTO.uexp" 1232
"../../../Engine/Content/Maps/Templates/OpenWorld/_Generated_/11FM09D4X0P92LN4J15MPZWTO.ubulk" 1233
"../../../Engine/Content/Maps/Templates/OpenWorld/_Generated_/11FM09D4X0P92LN4J15MPZWTO.umap" 1234
"../../../Engine/Content/Maps/Templates/OpenWorld/_Generated_/0YRZP86H9BCB7FYAVAQIEYRCY.uexp" 1235
"../../../Engine/Content/Maps/Templates/OpenWorld/_Generated_/0YRZP86H9BCB7FYAVAQIEYRCY.ubulk" 1236
"../../../Engine/Content/Maps/Templates/OpenWorld/_Generated_/0YRZP86H9BCB7FYAVAQIEYRCY.umap" 1237
